service_name,agency_responsible,agency_count,total_tickets,tickets_2026,open_now,open_now_gt60d,closed_tickets_used,median_days_to_close,mean_days_to_close,p90_days_to_close,pct_of_agency_volume,cumulative_pct,in_core_set,work_type,work_category,call_confidence,why,normal_days,used_this_year
CED - Filming and Drone Activities (Behind The Scenes),AO - Calgary Economic Development,2,23,0,0,0,23,0.0,0.0,0.0,1.0,1.0,true,Non-crew,Booking / application / permit / registration,Clear,"Admin: an application, booking, permit, licence or registration.",1.0,false
Calgary Housing - General Inquiry,AO - Calgary Housing,2,214,37,5,3,206,7.0,18.2,46.0,1.0,1.0,true,Non-crew,Inquiry / information,Clear,Question or information request answered by staff.,30.0,true
CHO - Affordable Housing,CEO - Chief Housing Office,2,25,25,0,0,25,6.0,21.6,62.0,1.0,1.0,true,Non-crew,Inquiry / information,Clear,Question or information request answered by staff.,30.0,true
AT - Property Tax Account Inquiry,CPFS - Assessment and Tax,1,50951,7326,0,0,50951,3.0,6.7,10.0,0.29134002344397747,0.29134002344397747,true,Non-crew,Billing / tax / accounts / claims,Clear,"Desk work: tax, billing, accounts or claims.",10.0,true
Finance - Property Tax Account Inquiry,CPFS - Assessment and Tax,2,37458,0,0,0,37458,5.0,5.3,9.0,0.214186465391543,0.5055264888355204,true,Non-crew,Billing / tax / accounts / claims,Clear,"Desk work: tax, billing, accounts or claims.",9.0,false
Finance - ONLINE TIPP Agreement Request,CPFS - Assessment and Tax,2,28318,0,0,0,28318,4.0,4.3,7.0,0.16192354976127168,0.6674500385967921,true,Non-crew,Billing / tax / accounts / claims,Clear,"Desk work: tax, billing, accounts or claims.",7.0,false
Finance - TIPP Agreement Request,CPFS - Assessment and Tax,2,9991,0,0,0,9991,4.0,4.3,8.0,0.05712897046630643,0.7245790090630985,true,Non-crew,Billing / tax / accounts / claims,Clear,"Desk work: tax, billing, accounts or claims.",8.0,false
AT - Assessed Value,CPFS - Assessment and Tax,1,9159,7307,24,0,9135,4.0,8.8,16.0,0.05237155845269749,0.7769505675157959,true,Non-crew,Billing / tax / accounts / claims,Clear,"Desk work: tax, billing, accounts or claims.",16.0,true
Finance - ONLINE Property Tax Document Request,CPFS - Assessment and Tax,2,6901,0,0,0,6901,2.0,2.6,6.0,0.03946021671384052,0.8164107842296364,true,Non-crew,Billing / tax / accounts / claims,Clear,"Desk work: tax, billing, accounts or claims.",6.0,false
AT - Property Tax Bill and Statement Request,CPFS - Assessment and Tax,1,5101,5101,99,4,5002,2.0,2.2,4.0,0.029167738799782714,0.8455785230294192,true,Non-crew,Billing / tax / accounts / claims,Clear,"Desk work: tax, billing, accounts or claims.",4.0,true
AT - ONLINE Property Tax Document Request,CPFS - Assessment and Tax,1,4360,426,0,0,4360,2.0,2.4,4.0,0.02493066872516225,0.8705091917545814,true,Non-crew,Billing / tax / accounts / claims,Clear,"Desk work: tax, billing, accounts or claims.",4.0,true
AT - TIPP Agreement Request,CPFS - Assessment and Tax,1,4282,1203,28,6,4254,3.0,10.1,8.0,0.02448466134888641,0.8949938531034678,true,Non-crew,Billing / tax / accounts / claims,Clear,"Desk work: tax, billing, accounts or claims.",8.0,true
AT - ONLINE TIPP Information Request,CPFS - Assessment and Tax,1,2922,1197,9,0,2913,3.0,4.2,7.0,0.016708122480487177,0.9117019755839549,true,Non-crew,Billing / tax / accounts / claims,Clear,"Desk work: tax, billing, accounts or claims.",7.0,true
AT - Property Tax Invoice and Charge Inquiry,CPFS - Assessment and Tax,1,2600,2600,66,5,2534,3.0,4.3,8.0,0.014866912542527947,0.9265688881264829,true,Non-crew,Billing / tax / accounts / claims,Clear,"Desk work: tax, billing, accounts or claims.",8.0,true
AT - Assessment General Inquiry,CPFS - Assessment and Tax,1,2170,1071,13,1,2157,4.0,7.5,15.4,0.012408153929725248,0.9389770420562081,true,Non-crew,Billing / tax / accounts / claims,Clear,"Desk work: tax, billing, accounts or claims.",15.4,true
AT - ONLINE TIPP Agreement Request,CPFS - Assessment and Tax,1,1861,0,0,0,1861,2.0,3.1,7.0,0.010641278554478658,0.9496183206106867,true,Non-crew,Billing / tax / accounts / claims,Clear,"Desk work: tax, billing, accounts or claims.",7.0,false
AT - Tax Account Maintenance,CPFS - Assessment and Tax,1,1344,457,10,1,1334,3.0,4.7,8.0,0.007685050175829831,0.9573033707865166,true,Non-crew,Billing / tax / accounts / claims,Clear,"Desk work: tax, billing, accounts or claims.",8.0,true
AT - Property Tax Payment Adjustments and Tax Programs,CPFS - Assessment and Tax,1,1340,1340,54,4,1286,4.0,6.2,11.0,0.00766217800268748,0.964965548789204,false,Non-crew,Billing / tax / accounts / claims,Clear,"Desk work: tax, billing, accounts or claims.",11.0,true
Finance - Tax Account Maintenance,CPFS - Assessment and Tax,2,1140,0,0,0,1140,4.0,5.5,12.0,0.006518569345569946,0.971484118134774,false,Non-crew,Billing / tax / accounts / claims,Clear,"Desk work: tax, billing, accounts or claims.",12.0,false
AT - BIA Tax Account Inquiry,CPFS - Assessment and Tax,1,1001,380,3,0,998,3.0,4.7,10.0,0.005723761328873259,0.9772078794636473,false,Non-crew,Billing / tax / accounts / claims,Clear,"Desk work: tax, billing, accounts or claims.",10.0,true
AT - (PTAP) Property Tax Assistance Program Inquiry,CPFS - Assessment and Tax,1,853,111,0,0,853,3.0,9.5,13.0,0.004877490922606284,0.9820853703862535,false,Non-crew,Billing / tax / accounts / claims,Clear,"Desk work: tax, billing, accounts or claims.",13.0,true
AT - Assessment General Inquiry - After Hours and Overflow,CPFS - Assessment and Tax,1,745,0,0,0,745,3.0,3.1,4.0,0.0042599422477628155,0.9863453126340164,false,Non-crew,Billing / tax / accounts / claims,Clear,"Desk work: tax, billing, accounts or claims.",4.0,false
AT - Property Details,CPFS - Assessment and Tax,1,653,267,0,0,653,3.0,6.9,13.0,0.00373388226548875,0.9900791948995051,false,Non-crew,Billing / tax / accounts / claims,Clear,"Desk work: tax, billing, accounts or claims.",13.0,true
Finance - BIA and Business Tax Inquiry,CPFS - Assessment and Tax,2,476,0,0,0,476,4.0,4.8,8.5,0.0027217886039397317,0.9928009835034448,false,Non-crew,Billing / tax / accounts / claims,Clear,"Desk work: tax, billing, accounts or claims.",8.5,false
AT - BTIPP Agreement Request,CPFS - Assessment and Tax,1,284,105,0,0,284,2.5,4.1,7.0,0.001623924293106899,0.9944249077965517,false,Non-crew,Billing / tax / accounts / claims,Clear,"Desk work: tax, billing, accounts or claims.",7.0,true
ASMT - Assessment General Concern - After Hours and Overflow,CPFS - Assessment and Tax,1,269,0,0,0,269,2.0,2.9,4.0,0.0015381536438230838,0.9959630614403747,false,Non-crew,Feedback / complaint / compliment,Clear,"Feedback, complaint or compliment answered by staff; no field work.",4.0,false
AT - School Support Notice Document Request,CPFS - Assessment and Tax,1,191,87,0,0,191,6.0,16.6,47.0,0.0010921462675472454,0.997055207707922,false,Non-crew,Billing / tax / accounts / claims,Clear,"Desk work: tax, billing, accounts or claims.",30.0,true
AT - Assessment Property Details,CPFS - Assessment and Tax,1,183,183,5,2,178,5.0,7.6,12.0,0.0010464019212625439,0.9981016096291846,false,Non-crew,Billing / tax / accounts / claims,Clear,"Desk work: tax, billing, accounts or claims.",12.0,true
Finance - BTIPP Agreement Request,CPFS - Assessment and Tax,2,172,0,0,0,172,4.0,4.7,8.0,9.835034451210795E-4,0.9990851130743057,false,Non-crew,Billing / tax / accounts / claims,Clear,"Desk work: tax, billing, accounts or claims.",8.0,false
Finance - School Support Notice Document Request,CPFS - Assessment and Tax,2,160,0,0,0,160,22.0,28.5,57.0,9.148869256940275E-4,0.9999999999999998,false,Non-crew,Billing / tax / accounts / claims,Clear,"Desk work: tax, billing, accounts or claims.",30.0,false
Finance - Credit and Collection Inquiries,CPFS - Finance,2,3430,910,2,0,3428,1.0,2.3,4.0,0.6063284426374403,0.6063284426374403,true,Non-crew,Billing / tax / accounts / claims,Clear,"Desk work: tax, billing, accounts or claims.",4.0,true
Finance - ONLINE eBill Inquiry,CPFS - Finance,2,1033,233,0,0,1033,0.0,1.3,3.0,0.1826056213540746,0.788934063991515,true,Non-crew,Billing / tax / accounts / claims,Clear,"Desk work: tax, billing, accounts or claims.",3.0,true
Finance - Corporate Billing and eBill Inquiry,CPFS - Finance,2,759,195,0,0,759,0.0,1.5,3.0,0.13417005479936361,0.9231041187908786,true,Non-crew,Billing / tax / accounts / claims,Clear,"Desk work: tax, billing, accounts or claims.",3.0,true
Finance - Accounts Payable,CPFS - Finance,2,423,85,1,0,422,3.0,10.8,21.9,0.07477461552059396,0.9978787343114726,true,Non-crew,Billing / tax / accounts / claims,Clear,"Desk work: tax, billing, accounts or claims.",21.9,true
Regulatory Affairs - General Inquiry,CPFS - Finance,1,12,2,0,0,12,0.0,0.0,0.0,0.0021212656885274883,1.0,false,Non-crew,Inquiry / information,Clear,Question or information request answered by staff.,1.0,true
Supply - General Inquiries,CPFS - Supply Management,2,144,33,1,1,143,1.0,7.6,7.0,1.0,1.0,true,Non-crew,Inquiry / information,Clear,Question or information request answered by staff.,7.0,true
AS - Animal Licence - Concerns on Existing,CS - Calgary Community Standards,2,507,0,0,0,507,1.0,0.9,2.0,0.7051460361613352,0.7051460361613352,true,Non-crew,Enforcement (officer),Clear,"Handled by a bylaw/animal/licensing officer who issues notices or fines, not a work crew.",2.0,false
AS - No Cost Spay or Neuter Program Inquiries,CS - Calgary Community Standards,2,195,0,1,1,194,1.0,0.9,2.0,0.2712100139082058,0.976356050069541,true,Non-crew,Enforcement (officer),Clear,"Handled by a bylaw/animal/licensing officer who issues notices or fines, not a work crew.",2.0,false
AS - Livestock - Bird(s) in the City,CS - Calgary Community Standards,2,9,0,0,0,9,3.0,12.9,34.6,0.012517385257301807,0.9888734353268428,false,Non-crew,Enforcement (officer),Clear,"Handled by a bylaw/animal/licensing officer who issues notices or fines, not a work crew.",30.0,false
Compliance - BL - Employee Complaint  Compliment,CS - Calgary Community Standards,2,8,0,0,0,8,4.5,4.4,7.2,0.011126564673157162,1.0,false,Non-crew,Feedback / complaint / compliment,Clear,"Feedback, complaint or compliment answered by staff; no field work.",7.2,false
CEMA - Ready Calgary Inquiries,CS - Calgary Emergency Management Agency,1,2,0,0,0,2,3.0,3.0,4.6,1.0,1.0,true,Non-crew,Inquiry / information,Clear,Question or information request answered by staff.,4.6,false
CFD - Business Licence Inspection - FHB,CS - Calgary Fire,1,17433,3276,214,74,17218,6.0,21.0,43.0,0.3685389932985223,0.3685389932985223,true,Non-crew,Inspection (inspector),Clear,An inspector visits to assess or approve; no repair work by a crew.,30.0,true
CFD - Fire Code and General Inquiries - FHB,CS - Calgary Fire,1,4895,1060,29,11,4866,2.0,8.9,10.0,0.1034818087647718,0.4720208020632941,true,Non-crew,Inquiry / information,Clear,Question or information request answered by staff.,10.0,true
CFD - Provincial Licence Inspection - FHB,CS - Calgary Fire,1,4150,948,38,11,4112,8.0,16.8,35.0,0.08773227913662981,0.559753081199924,true,Non-crew,Inspection (inspector),Clear,An inspector visits to assess or approve; no repair work by a crew.,30.0,true
CFD - Fire Station Tour,CS - Calgary Fire,1,3123,715,10,3,3113,1.0,4.6,6.0,0.06602118258884214,0.6257742637887661,true,Non-crew,Program / education / event / tour,Clear,"Program, event, tour or education request.",6.0,true
CFD - Life Safety Systems Inspection - FHB,CS - Calgary Fire,1,2106,378,132,77,1974,43.0,73.6,169.0,0.04452148912331142,0.6702957529120775,true,Non-crew,Inspection (inspector),Clear,An inspector visits to assess or approve; no repair work by a crew.,30.0,true
CFD - Fire Code Hazard Complaint - FHB,CS - Calgary Fire,1,1692,503,18,9,1674,3.0,13.6,33.0,0.03576940151787413,0.7060651544299517,true,Non-crew,Inspection (inspector),Borderline,A fire inspector visits; no repair crew.,30.0,true
CFD - Incident Report Request,CS - Calgary Fire,1,1553,408,320,243,1233,50.0,57.8,111.8,0.03283089867450267,0.7388960531044544,true,Non-crew,Inquiry / information,Clear,Question or information request answered by staff.,30.0,true
CFD - Special Events Inspection - FHB,CS - Calgary Fire,1,1462,385,15,4,1447,10.0,14.5,32.0,0.030907130625964528,0.7698031837304189,true,Non-crew,Inspection (inspector),Clear,An inspector visits to assess or approve; no repair work by a crew.,30.0,true
CFD - Lockbox Inquiry - FHB,CS - Calgary Fire,1,1461,729,36,7,1425,5.0,18.0,47.0,0.030885990317738834,0.8006891740481578,true,Non-crew,Inquiry / information,Clear,Question or information request answered by staff.,30.0,true
CFD - Land Search - Property Search,CS - Calgary Fire,1,1270,359,167,103,1103,21.0,33.7,65.0,0.02684819144663129,0.8275373654947891,true,Non-crew,Inquiry / information,Clear,Question or information request answered by staff.,30.0,true
CFD - Fire Safety Plan Review - FHB,CS - Calgary Fire,1,1260,302,33,3,1227,11.0,22.9,44.0,0.02663678836437435,0.8541741538591634,true,Non-crew,Booking / application / permit / registration,Clear,"Admin: an application, booking, permit, licence or registration.",30.0,true
CFD - Fire Truck Booking,CS - Calgary Fire,1,902,248,39,36,863,3.0,5.2,12.0,0.019068558019575927,0.8732427118787394,true,Non-crew,Booking / application / permit / registration,Clear,"Admin: an application, booking, permit, licence or registration.",12.0,true
CFD - Mobile Food Concession Inspection - FHB,CS - Calgary Fire,1,650,233,5,1,645,13.0,19.7,34.0,0.013741200346701055,0.8869839122254404,true,Non-crew,Inspection (inspector),Clear,An inspector visits to assess or approve; no repair work by a crew.,30.0,true
CFD - Fireworks Pyro Open Flame Blasting Inspection - FHB,CS - Calgary Fire,1,601,127,4,0,597,10.0,15.0,31.0,0.012705325243642053,0.8996892374690825,true,Non-crew,Inspection (inspector),Clear,An inspector visits to assess or approve; no repair work by a crew.,30.0,true
CFD - Occupant Load Inspection - FHB,CS - Calgary Fire,1,524,102,8,2,516,6.0,14.3,23.5,0.01107752151026362,0.9107667589793461,true,Non-crew,Inspection (inspector),Clear,An inspector visits to assess or approve; no repair work by a crew.,23.5,true
CFD - Lockbox Programming or Billing Concern,CS - Calgary Fire,1,483,13,0,0,483,1.0,3.4,6.0,0.010210768873010168,0.9209775278523563,true,Non-crew,Billing / tax / accounts / claims,Clear,"Desk work: tax, billing, accounts or claims.",6.0,true
CFD - Smoke Alarm Inquiries & Asst. for Seniors/Disabled,CS - Calgary Fire,1,473,0,4,4,469,2.0,2.9,6.0,0.00999936579075323,0.9309768936431095,true,Non-crew,Inquiry / information,Clear,Question or information request answered by staff.,6.0,false
CFD - Fire Drill - Warden Lecture - FHB,CS - Calgary Fire,1,406,0,0,0,406,27.0,33.4,68.0,0.008582965139631736,0.9395598587827413,true,Non-crew,Program / education / event / tour,Clear,"Program, event, tour or education request.",30.0,false
CFD - Safe Housing - FHB,CS - Calgary Fire,1,398,100,1,0,397,5.0,14.3,28.0,0.008413842673826184,0.9479737014565675,true,Non-crew,Inspection (inspector),Clear,An inspector visits to assess or approve; no repair work by a crew.,28.0,true
CFD - Fire Safety Presentation,CS - Calgary Fire,1,372,85,0,0,372,2.0,3.6,8.0,0.007864194659958142,0.9558378961165256,true,Non-crew,Program / education / event / tour,Clear,"Program, event, tour or education request.",8.0,true
CFD - Request to attend a Fire Drill - FHB,CS - Calgary Fire,1,293,140,43,7,250,60.5,65.6,120.0,0.0061941103101283215,0.9620320064266539,false,Non-crew,Program / education / event / tour,Clear,"Program, event, tour or education request.",30.0,true
CFD - Community Safety Inquiries,CS - Calgary Fire,1,261,49,4,3,257,3.0,22.8,14.4,0.005517620446906116,0.9675496268735599,false,Non-crew,Inquiry / information,Clear,Question or information request answered by staff.,14.4,true
CFD - Smoke Alarm Inquiries - Asst. for Seniors/Disabled,CS - Calgary Fire,1,215,173,4,2,211,2.0,3.0,7.0,0.004545166268524195,0.9720947931420841,false,Non-crew,Inquiry / information,Clear,Question or information request answered by staff.,7.0,true
CFD - SCHOOL Fire Drill with Local Fire Station - ONLINE,CS - Calgary Fire,1,208,47,0,0,208,1.0,5.6,4.3,0.004397184110944337,0.9764919772530285,false,Non-crew,Program / education / event / tour,Clear,"Program, event, tour or education request.",4.3,true
CFD - Tank Inspection - FHB,CS - Calgary Fire,1,190,19,1,0,189,5.0,13.3,35.0,0.004016658562881847,0.9805086358159103,false,Non-crew,Inspection (inspector),Clear,An inspector visits to assess or approve; no repair work by a crew.,30.0,true
CFD - Building in Progress Inspection - FHB,CS - Calgary Fire,1,164,25,1,0,163,4.0,6.5,13.0,0.0034670105490138044,0.9839756463649241,false,Non-crew,Inspection (inspector),Clear,An inspector visits to assess or approve; no repair work by a crew.,13.0,true
CFD - Invoice Inquiry,CS - Calgary Fire,1,157,115,13,1,144,10.0,12.9,27.0,0.0033190283914339472,0.987294674756358,false,Non-crew,Billing / tax / accounts / claims,Clear,"Desk work: tax, billing, accounts or claims.",27.0,true
CFD - Missed Annual Inspection - FHB,CS - Calgary Fire,1,135,13,4,1,131,6.0,44.8,105.0,0.002853941610468681,0.9901486163668267,false,Non-crew,Inspection (inspector),Clear,An inspector visits to assess or approve; no repair work by a crew.,30.0,true
CFD - Compliments / Thank You / Recognition,CS - Calgary Fire,1,114,27,4,2,110,4.5,7.3,15.0,0.002409995137729108,0.9925586115045558,false,Non-crew,Feedback / complaint / compliment,Clear,"Feedback, complaint or compliment answered by staff; no field work.",15.0,true
CFD - Technical Services Review - FHB,CS - Calgary Fire,1,103,14,2,0,101,14.0,174.6,714.0,0.0021774517472464747,0.9947360632518023,false,Non-crew,Booking / application / permit / registration,Clear,"Admin: an application, booking, permit, licence or registration.",30.0,true
CFD - Hazmat Inquiries,CS - Calgary Fire,1,68,14,3,1,65,4.0,46.7,220.2,0.0014375409593471874,0.9961736042111495,false,Non-crew,Inquiry / information,Clear,Question or information request answered by staff.,30.0,true
CFD - Public Affairs Inquiries,CS - Calgary Fire,1,67,13,2,0,65,4.0,6.4,13.0,0.0014164006511214933,0.997590004862271,false,Non-crew,Inquiry / information,Clear,Question or information request answered by staff.,13.0,true
CFD - 100th Birthday Surprise,CS - Calgary Fire,1,50,20,1,1,49,2.0,6.7,8.2,0.0010570154112846965,0.9986470202735557,false,Non-crew,Program / education / event / tour,Clear,"Program, event, tour or education request.",8.2,true
CFD - Provincial Accreditation or Licence Inspection - FHB,CS - Calgary Fire,1,33,0,0,0,33,4.0,4.6,8.0,6.976301714478997E-4,0.9993446504450035,false,Non-crew,Inspection (inspector),Clear,An inspector visits to assess or approve; no repair work by a crew.,8.0,false
CFD - Pre-Purchase Insurance Inspection- FHB,CS - Calgary Fire,1,25,6,1,1,24,10.5,14.7,26.4,5.285077056423483E-4,0.9998731581506459,false,Non-crew,Inspection (inspector),Clear,An inspector visits to assess or approve; no repair work by a crew.,26.4,true
CFD - Occupancy Inspection - FHB,CS - Calgary Fire,1,6,0,0,0,6,2.5,2.8,5.0,1.268418493541636E-4,1.0,false,Non-crew,Inspection (inspector),Clear,An inspector visits to assess or approve; no repair work by a crew.,5.0,false
CN - Subsidized Programs - Fair Entry,CS - Calgary Neighbourhoods,1,413,0,0,0,413,7.0,6.4,10.0,0.6608,0.6608,true,Non-crew,Booking / application / permit / registration,Clear,"Admin: an application, booking, permit, licence or registration.",10.0,false
CN - Registered Social Worker Letter,CS - Calgary Neighbourhoods,1,86,0,0,0,86,10.0,9.8,13.0,0.1376,0.7984,true,Non-crew,Inquiry / information,Clear,Question or information request answered by staff.,13.0,false
CN - Senior Services Home Maintenance Inquiry,CS - Calgary Neighbourhoods,1,77,0,0,0,77,1.0,1.7,3.0,0.1232,0.9216,true,Non-crew,Inquiry / information,Clear,Question or information request answered by staff.,3.0,false
CN - Snow Angels Campaign,CS - Calgary Neighbourhoods,1,19,0,0,0,19,4.0,3.4,5.4,0.0304,0.952,true,Non-crew,Program / education / event / tour,Clear,"Program, event, tour or education request.",5.4,false
CN - Volunteer Request - Summer,CS - Calgary Neighbourhoods,2,11,0,0,0,11,2.0,2.1,4.0,0.0176,0.9695999999999999,false,Non-crew,Program / education / event / tour,Clear,"Program, event, tour or education request.",4.0,false
CN - Property Tax Assistance Program (PTAP),CS - Calgary Neighbourhoods,1,8,0,0,0,8,4.0,5.6,13.0,0.0128,0.9823999999999999,false,Non-crew,Billing / tax / accounts / claims,Clear,"Desk work: tax, billing, accounts or claims.",13.0,false
CN - Employee Complaint - Compliment,CS - Calgary Neighbourhoods,2,7,0,0,0,7,14.0,10.9,17.8,0.0112,0.9935999999999999,false,Non-crew,Feedback / complaint / compliment,Clear,"Feedback, complaint or compliment answered by staff; no field work.",17.8,false
CN - Calgary After School Program Inquiry,CS - Calgary Neighbourhoods,1,2,0,0,0,2,1.5,1.5,1.9,0.0032,0.9967999999999999,false,Non-crew,Program / education / event / tour,Clear,"Program, event, tour or education request.",1.9,false
CN - Neighbourhood Services Programs,CS - Calgary Neighbourhoods,1,2,0,0,0,2,6.0,6.0,6.8,0.0032,0.9999999999999999,false,Non-crew,Program / education / event / tour,Clear,"Program, event, tour or education request.",6.8,false
Recreation - Athletic Park Application,CS - Calgary Recreation,1,186,0,0,0,186,2.0,3.6,7.5,0.24473684210526317,0.24473684210526317,true,Non-crew,Booking / application / permit / registration,Clear,"Admin: an application, booking, permit, licence or registration.",7.5,false
REC - Pool - Canyon Meadows,CS - Calgary Recreation,1,84,0,0,0,84,1.0,2.2,5.0,0.11052631578947368,0.35526315789473684,true,Non-crew,Inquiry / information,Clear,Question or information request answered by staff.,5.0,false
REC - Arena Inquiry,CS - Calgary Recreation,1,67,0,0,0,67,2.0,4.6,12.0,0.0881578947368421,0.44342105263157894,true,Non-crew,Inquiry / information,Clear,Question or information request answered by staff.,12.0,false
Recreation - Athletic Park Special Event and Tournament Appl,CS - Calgary Recreation,2,61,0,0,0,61,36.0,35.3,50.0,0.08026315789473684,0.5236842105263158,true,Non-crew,Program / education / event / tour,Clear,"Program, event, tour or education request.",30.0,false
Recreation - Playfield (D & E) Community Fields Application,CS - Calgary Recreation,2,38,0,0,0,38,1.0,5.0,10.5,0.05,0.5736842105263158,true,Non-crew,Booking / application / permit / registration,Clear,"Admin: an application, booking, permit, licence or registration.",10.5,false
Recreation - Field Tournament Application,CS - Calgary Recreation,2,36,0,0,0,36,34.0,38.7,79.0,0.04736842105263158,0.6210526315789474,true,Non-crew,Booking / application / permit / registration,Clear,"Admin: an application, booking, permit, licence or registration.",30.0,false
REC - Southland Leisure Centre Inquiry,CS - Calgary Recreation,1,35,0,0,0,35,1.0,2.0,4.0,0.046052631578947366,0.6671052631578948,true,Non-crew,Inquiry / information,Clear,Question or information request answered by staff.,4.0,false
REC - Pool - Administration Inquiry,CS - Calgary Recreation,1,31,0,0,0,31,0.0,2.5,3.0,0.04078947368421053,0.7078947368421052,true,Non-crew,Inquiry / information,Clear,Question or information request answered by staff.,3.0,false
REC - Pool - Sir Winston Churchill,CS - Calgary Recreation,1,31,0,0,0,31,2.0,4.3,14.0,0.04078947368421053,0.7486842105263157,true,Non-crew,Inquiry / information,Clear,Question or information request answered by staff.,14.0,false
REC - Pool - Thornhill,CS - Calgary Recreation,1,31,0,0,0,31,2.0,3.3,5.0,0.04078947368421053,0.7894736842105262,true,Non-crew,Inquiry / information,Clear,Question or information request answered by staff.,5.0,false
REC - Pool - Renfrew,CS - Calgary Recreation,1,27,0,0,0,27,2.0,3.3,9.0,0.035526315789473684,0.825,true,Non-crew,Inquiry / information,Clear,Question or information request answered by staff.,9.0,false
REC - Pool - Killarney,CS - Calgary Recreation,1,23,0,0,0,23,2.0,2.6,5.8,0.030263157894736843,0.8552631578947368,true,Non-crew,Inquiry / information,Clear,Question or information request answered by staff.,5.8,false
REC - Athletic Park Inquiry,CS - Calgary Recreation,1,18,0,0,0,18,2.0,4.8,12.6,0.02368421052631579,0.8789473684210526,true,Non-crew,Inquiry / information,Clear,Question or information request answered by staff.,12.6,false
REC - Pool - Acadia,CS - Calgary Recreation,1,15,0,0,0,15,3.0,2.8,5.0,0.019736842105263157,0.8986842105263158,true,Non-crew,Inquiry / information,Clear,Question or information request answered by staff.,5.0,false
REC - Pool - Glenmore,CS - Calgary Recreation,1,12,0,0,0,12,1.0,2.2,4.9,0.015789473684210527,0.9144736842105263,true,Non-crew,Inquiry / information,Clear,Question or information request answered by staff.,4.9,false
REC - Program Registration Inquiry,CS - Calgary Recreation,1,12,0,0,0,12,3.0,3.2,5.9,0.015789473684210527,0.9302631578947369,true,Non-crew,Booking / application / permit / registration,Clear,"Admin: an application, booking, permit, licence or registration.",5.9,false
REC - Pool - Bob Bahan,CS - Calgary Recreation,1,10,0,0,0,10,2.0,4.1,5.9,0.013157894736842105,0.943421052631579,true,Non-crew,Inquiry / information,Clear,Question or information request answered by staff.,5.9,false
REC - Pool - Foothills,CS - Calgary Recreation,1,10,0,0,0,10,1.5,1.9,4.1,0.013157894736842105,0.9565789473684212,true,Non-crew,Inquiry / information,Clear,Question or information request answered by staff.,4.1,false
Recreation - Volunteer Request,CS - Calgary Recreation,1,9,0,0,0,9,7.0,15.9,42.4,0.011842105263157895,0.9684210526315791,false,Non-crew,Program / education / event / tour,Clear,"Program, event, tour or education request.",30.0,false
REC - Booking Inquiry,CS - Calgary Recreation,1,6,0,0,0,6,5.0,7.3,15.5,0.007894736842105263,0.9763157894736844,false,Non-crew,Booking / application / permit / registration,Clear,"Admin: an application, booking, permit, licence or registration.",15.5,false
REC - Village Square Leisure Centre Inquiry,CS - Calgary Recreation,1,6,0,0,0,6,20.0,18.7,21.5,0.007894736842105263,0.9842105263157896,false,Non-crew,Inquiry / information,Clear,Question or information request answered by staff.,21.5,false
REC - Pool - Shouldice,CS - Calgary Recreation,1,5,0,0,0,5,1.0,2.6,5.4,0.006578947368421052,0.9907894736842107,false,Non-crew,Inquiry / information,Clear,Question or information request answered by staff.,5.4,false
REC - Pool - Inglewood,CS - Calgary Recreation,1,4,0,0,0,4,3.0,6.3,13.8,0.005263157894736842,0.9960526315789475,false,Non-crew,Inquiry / information,Clear,Question or information request answered by staff.,13.8,false
REC - Calgary Soccer Centre Inquiry,CS - Calgary Recreation,1,1,0,0,0,1,0.0,0.0,0.0,0.0013157894736842105,0.9973684210526317,false,Non-crew,Inquiry / information,Clear,Question or information request answered by staff.,1.0,false
REC - Golf Course Inquiry,CS - Calgary Recreation,1,1,0,0,0,1,0.0,0.0,0.0,0.0013157894736842105,0.9986842105263158,false,Non-crew,Inquiry / information,Clear,Question or information request answered by staff.,1.0,false
Recreation - Calgary After School Program Inquiries,CS - Calgary Recreation,1,1,0,0,0,1,94.0,94.0,94.0,0.0013157894736842105,1.0,false,Non-crew,Program / education / event / tour,Clear,"Program, event, tour or education request.",30.0,false
Comm Strategies - General Concerns,CS - Community Strategies,1,30,12,0,0,30,4.5,4.4,7.1,0.2542372881355932,0.2542372881355932,true,Non-crew,Feedback / complaint / compliment,Clear,"Feedback, complaint or compliment answered by staff; no field work.",7.1,true
CN - General Concerns,CS - Community Strategies,2,21,0,0,0,21,5.0,7.7,19.0,0.17796610169491525,0.43220338983050843,true,Non-crew,Feedback / complaint / compliment,Clear,"Feedback, complaint or compliment answered by staff; no field work.",19.0,false
CS - General Concerns,CS - Community Strategies,1,19,0,0,0,19,3.0,3.7,7.0,0.16101694915254236,0.5932203389830508,true,Non-crew,Feedback / complaint / compliment,Clear,"Feedback, complaint or compliment answered by staff; no field work.",7.0,false
Comm Strategies - Disability/Accessibility - Meeting & Event,CS - Community Strategies,1,18,3,0,0,18,19.0,40.3,107.2,0.15254237288135594,0.7457627118644068,true,Non-crew,Program / education / event / tour,Clear,"Program, event, tour or education request.",30.0,true
CS - Disability/Accessibility - Meeting and Event Support,CS - Community Strategies,1,16,0,0,0,16,20.0,21.1,34.5,0.13559322033898305,0.8813559322033898,true,Non-crew,Program / education / event / tour,Clear,"Program, event, tour or education request.",30.0,false
CN - Disability/Accessibility - Meeting and Event Support,CS - Community Strategies,2,4,0,0,0,4,6.5,15.8,35.7,0.03389830508474576,0.9152542372881356,true,Non-crew,Program / education / event / tour,Clear,"Program, event, tour or education request.",30.0,false
CS - Employee Complaint - Compliment,CS - Community Strategies,1,4,0,0,0,4,1.0,1.8,4.1,0.03389830508474576,0.9491525423728814,true,Non-crew,Feedback / complaint / compliment,Clear,"Feedback, complaint or compliment answered by staff; no field work.",4.1,false
Comm Strategies - Disability/Accessibility - Meeting & Eve,CS - Community Strategies,1,4,3,1,1,3,53.0,60.0,101.0,0.03389830508474576,0.9830508474576272,true,Non-crew,Inquiry / information,Clear,Question or information request answered by staff.,30.0,true
Comm Strategies - Employee Complaint - Compliment,CS - Community Strategies,1,2,0,0,0,2,2.0,2.0,2.8,0.01694915254237288,1.0,false,Non-crew,Feedback / complaint / compliment,Clear,"Feedback, complaint or compliment answered by staff; no field work.",2.8,false
Bylaw - Snow and Ice on Sidewalk,CS - Emergency Management and Community Safety,2,49297,6028,46,46,48657,5.0,9.3,19.0,0.13791029410530498,0.13791029410530498,true,Non-crew,Enforcement (officer),Borderline,An officer issues a notice to the property owner; a City contractor clears it only if the owner does not.,19.0,true
Corporate - Graffiti Concerns,CS - Emergency Management and Community Safety,2,44141,11071,617,293,43523,8.0,13.5,23.0,0.12348618155470448,0.26139647566000945,true,Crew,Cleaning & removal,Clear,A crew physically cleans up or removes something from public property.,23.0,true
Bylaw - Long Grass - Weeds Infraction,CS - Emergency Management and Community Safety,2,39298,10003,895,180,38403,30.0,26.5,41.0,0.1099376988001354,0.37133417446014483,true,Non-crew,Enforcement (officer),Clear,Long grass/weeds on private property: an officer orders the owner to cut it. City mowing of public land is 'Parks - Mowing Request'.,30.0,true
Bylaw - Material on Public Property,CS - Emergency Management and Community Safety,2,33965,7844,694,309,33271,5.0,15.1,33.0,0.09501842179618808,0.4663525962563329,true,Non-crew,Enforcement (officer),Borderline,An officer orders removal; a crew may clean up later if not removed.,30.0,true
Corporate - Encampment Concerns,CS - Emergency Management and Community Safety,2,29665,5404,388,165,29277,4.0,12.7,29.0,0.08298900287307284,0.5493415991294057,true,Crew,Cleaning & removal,Borderline,"Site clean-up is crew work, but outreach/peace officers lead the response.",29.0,true
Bylaw - Noise Concerns,CS - Emergency Management and Community Safety,2,20961,5598,432,216,20529,5.0,14.5,34.0,0.05863922094126007,0.6079808200706658,true,Non-crew,Enforcement (officer),Clear,"Handled by a bylaw/animal/licensing officer who issues notices or fines, not a work crew.",30.0,true
Bylaw - Disturbance and Behavioural Concerns,CS - Emergency Management and Community Safety,2,13264,3938,1005,625,12259,3.0,11.8,25.0,0.03710656106888381,0.6450873811395496,true,Non-crew,Enforcement (officer),Clear,"Handled by a bylaw/animal/licensing officer who issues notices or fines, not a work crew.",25.0,true
AS - Pick Up Stray,CS - Emergency Management and Community Safety,2,12305,2121,32,22,12273,0.0,3.6,1.0,0.03442372089510067,0.6795111020346503,true,Non-crew,Enforcement (officer),Borderline,"An Animal Services officer picks up the animal: a field dispatch, but officers, not a work crew.",1.0,true
Bylaw - Tree - Shrub Infraction,CS - Emergency Management and Community Safety,2,12115,2911,445,162,11622,16.0,27.4,67.0,0.03389218843105604,0.7134032904657063,true,Non-crew,Enforcement (officer),Clear,Private trees/shrubs blocking a sidewalk or sightline: an officer orders the owner to trim. City trees are 'Parks - Tree Concern'.,30.0,true
AS - Animal at Large,CS - Emergency Management and Community Safety,2,11477,2402,93,55,11380,0.0,5.8,12.0,0.03210735836757988,0.7455106488332861,true,Non-crew,Enforcement (officer),Borderline,"Animal Services officer response: field dispatch, but officers, not a work crew.",12.0,true
Bylaw - Waste and Recycling Infractions,CS - Emergency Management and Community Safety,2,10657,2875,173,71,10484,5.0,11.1,25.0,0.02981337615433465,0.7753240249876208,true,Non-crew,Enforcement (officer),Clear,Residents breaking waste rules: an officer issues a notice. Missed City pickups are the WRS types.,25.0,true
Bylaw - Water Misuse / Wasting Concern,CS - Emergency Management and Community Safety,2,8010,490,34,20,7976,1.0,7.1,13.0,0.022408289668407667,0.7977323146560285,true,Non-crew,Enforcement (officer),Clear,"Handled by a bylaw/animal/licensing officer who issues notices or fines, not a work crew.",13.0,true
AS - Animal Noise,CS - Emergency Management and Community Safety,2,7854,1876,103,87,7751,2.0,6.7,12.0,0.021971873540034187,0.8197041881960626,true,Non-crew,Enforcement (officer),Clear,"Handled by a bylaw/animal/licensing officer who issues notices or fines, not a work crew.",12.0,true
Bylaw - Vehicle Concerns,CS - Emergency Management and Community Safety,2,7646,2005,1279,894,6367,19.0,27.2,70.0,0.021389985368869543,0.8410941735649321,true,Non-crew,Enforcement (officer),Clear,"Handled by a bylaw/animal/licensing officer who issues notices or fines, not a work crew.",30.0,true
Bylaw - Property Maintenance Concerns,CS - Emergency Management and Community Safety,2,6634,1568,144,72,6315,6.0,18.2,44.6,0.018558875613010797,0.8596530491779429,true,Non-crew,Enforcement (officer),Clear,"Handled by a bylaw/animal/licensing officer who issues notices or fines, not a work crew.",30.0,true
Community Safety - Information Request,CS - Emergency Management and Community Safety,1,6369,1756,109,40,6260,4.0,13.3,31.0,0.017817527702632764,0.8774705768805757,true,Non-crew,Inquiry / information,Clear,Question or information request answered by staff.,30.0,true
ACPL - Animal Licence - Inquiries,CS - Emergency Management and Community Safety,1,3513,867,15,9,3498,0.0,0.9,2.0,0.009827755506256697,0.8872983323868324,true,Non-crew,Booking / application / permit / registration,Clear,"Admin: an application, booking, permit, licence or registration.",2.0,true
ACPL - Lost and Found Animal,CS - Emergency Management and Community Safety,1,3450,811,28,22,3422,1.0,1.4,2.0,0.009651510531336636,0.896949842918169,true,Non-crew,Lost and found,Clear,Lost and found items or animals; handled at a counter or by phone.,2.0,true
Business Safety - Business Licence Concern - RMS,CS - Emergency Management and Community Safety,1,3450,1323,154,52,3296,10.0,24.9,62.0,0.009651510531336636,0.9066013534495057,true,Non-crew,Enforcement (officer),Clear,"Handled by a bylaw/animal/licensing officer who issues notices or fines, not a work crew.",30.0,true
Bylaw - Temporary Signs Infraction on City Property,CS - Emergency Management and Community Safety,2,3100,0,0,0,3100,6.0,13.1,34.0,0.008672371781780746,0.9152737252312864,true,Non-crew,Enforcement (officer),Clear,"Handled by a bylaw/animal/licensing officer who issues notices or fines, not a work crew.",30.0,false
Bylaw - Permit - Noise Exemption,CS - Emergency Management and Community Safety,2,2677,687,10,0,2664,5.0,10.6,20.0,0.007489012664460341,0.9227627378957467,true,Non-crew,Booking / application / permit / registration,Clear,"Admin: an application, booking, permit, licence or registration.",20.0,true
Compliance - Business Licence Concern,CS - Emergency Management and Community Safety,2,2176,0,0,0,2176,7.0,13.6,43.0,0.006087445482953194,0.9288501833786998,true,Non-crew,Enforcement (officer),Clear,"Handled by a bylaw/animal/licensing officer who issues notices or fines, not a work crew.",30.0,false
Business Safety - Business Licence Concern,CS - Emergency Management and Community Safety,1,1985,0,0,0,1985,12.0,19.4,46.0,0.0055531154796241225,0.934403298858324,true,Non-crew,Enforcement (officer),Clear,"Handled by a bylaw/animal/licensing officer who issues notices or fines, not a work crew.",30.0,false
Evacuated Residents Registration Form,CS - Emergency Management and Community Safety,1,1921,0,0,0,1921,42.0,39.3,43.0,0.005374072965419617,0.9397773718237435,true,Non-crew,Booking / application / permit / registration,Clear,"Admin: an application, booking, permit, licence or registration.",30.0,false
AS - Animal Bite,CS - Emergency Management and Community Safety,2,1834,369,13,10,1821,2.0,5.4,9.0,0.005130687047672867,0.9449080588714164,true,Non-crew,Enforcement (officer),Clear,"Handled by a bylaw/animal/licensing officer who issues notices or fines, not a work crew.",9.0,true
AS - Animal Chase - Threat,CS - Emergency Management and Community Safety,2,1588,315,6,3,1582,1.0,4.7,9.0,0.004442492383699298,0.9493505512551157,true,Non-crew,Enforcement (officer),Clear,"Handled by a bylaw/animal/licensing officer who issues notices or fines, not a work crew.",9.0,true
AS - Dog Defecation,CS - Emergency Management and Community Safety,2,1493,429,9,5,1484,3.0,6.1,14.0,0.004176726151676985,0.9535272774067927,true,Non-crew,Enforcement (officer),Clear,"Handled by a bylaw/animal/licensing officer who issues notices or fines, not a work crew.",14.0,true
AS - Animal Damaging Pet or Property,CS - Emergency Management and Community Safety,2,1426,299,13,13,1413,2.0,7.3,13.0,0.003989291019619143,0.9575165684264118,false,Non-crew,Enforcement (officer),Clear,"Handled by a bylaw/animal/licensing officer who issues notices or fines, not a work crew.",13.0,true
VFH - Taxi/Limousine/TNC (Ride Sharing) Concern - RMS,CS - Emergency Management and Community Safety,1,1292,407,8,1,1284,4.0,6.3,15.0,0.003614420755503459,0.9611309891819152,false,Non-crew,Enforcement (officer),Clear,"Handled by a bylaw/animal/licensing officer who issues notices or fines, not a work crew.",15.0,true
Compliance - Taxi/Limousine/TNC (Ride Sharing) Concern,CS - Emergency Management and Community Safety,2,1172,0,0,0,1172,3.0,5.1,13.0,0.003278716041370011,0.9644097052232852,false,Non-crew,Enforcement (officer),Clear,"Handled by a bylaw/animal/licensing officer who issues notices or fines, not a work crew.",13.0,false
VFH - Taxi/Limousine/TNC (Ride Sharing) Concern,CS - Emergency Management and Community Safety,1,1170,0,0,0,1170,3.0,6.4,13.0,0.00327312096280112,0.9676828261860863,false,Non-crew,Enforcement (officer),Clear,"Handled by a bylaw/animal/licensing officer who issues notices or fines, not a work crew.",13.0,false
Animal / Bylaw - Information Request,CS - Emergency Management and Community Safety,2,1166,0,1,1,1165,4.0,11.8,35.0,0.0032619308056633387,0.9709447569917496,false,Non-crew,Inquiry / information,Clear,Question or information request answered by staff.,30.0,false
Bylaw - Spills Concerns,CS - Emergency Management and Community Safety,2,983,279,51,6,932,10.0,28.5,78.9,0.00274998111660983,0.9736947381083595,false,Non-crew,Enforcement (officer),Borderline,An officer investigates; clean-up is the responsible party's job.,30.0,true
AS - Lost and Found Animal,CS - Emergency Management and Community Safety,2,968,0,1,1,967,1.0,1.1,2.0,0.002708018027343149,0.9764027561357026,false,Non-crew,Lost and found,Clear,Lost and found items or animals; handled at a counter or by phone.,2.0,false
Bylaw - Vandalism and Property Damage Concerns,CS - Emergency Management and Community Safety,2,811,221,22,6,789,5.0,17.9,41.0,0.002268804359685221,0.9786715604953878,false,Non-crew,Enforcement (officer),Clear,"Handled by a bylaw/animal/licensing officer who issues notices or fines, not a work crew.",30.0,true
ACPL - No Cost Spay or Neuter Program Inquiries,CS - Emergency Management and Community Safety,1,728,182,10,7,718,1.0,1.6,2.0,0.0020366085990762527,0.9807081690944641,false,Non-crew,Program / education / event / tour,Clear,"Program, event, tour or education request.",2.0,true
AS - Urban Livestock Licenses and Permits,CS - Emergency Management and Community Safety,2,651,116,9,5,642,12.0,28.9,48.0,0.0018211980741739567,0.982529367168638,false,Non-crew,Booking / application / permit / registration,Clear,"Admin: an application, booking, permit, licence or registration.",30.0,true
AS - Animal Public Relations,CS - Emergency Management and Community Safety,2,619,121,0,0,619,2.0,5.3,12.0,0.0017316768170717038,0.9842610439857098,false,Non-crew,Enforcement (officer),Clear,"Handled by a bylaw/animal/licensing officer who issues notices or fines, not a work crew.",12.0,true
Bylaw - Invoice Appeal,CS - Emergency Management and Community Safety,2,474,0,13,13,461,36.0,46.1,99.0,0.0013260336208271205,0.985587077606537,false,Non-crew,Enforcement (officer),Clear,"Handled by a bylaw/animal/licensing officer who issues notices or fines, not a work crew.",30.0,false
AS - Animal Licence - Inquiries,CS - Emergency Management and Community Safety,1,416,0,0,0,416,1.0,1.0,2.0,0.0011637763423292871,0.9867508539488663,false,Non-crew,Booking / application / permit / registration,Clear,"Admin: an application, booking, permit, licence or registration.",2.0,false
Bylaw - Water Services Request,CS - Emergency Management and Community Safety,2,403,87,19,10,384,29.0,58.5,174.0,0.0011274083316314969,0.9878782622804978,false,Non-crew,Enforcement (officer),Clear,"Handled by a bylaw/animal/licensing officer who issues notices or fines, not a work crew.",30.0,true
Community Safety - Employee Complaint - Compliment,CS - Emergency Management and Community Safety,1,393,0,23,23,370,33.0,49.5,98.1,0.001099432938787043,0.9889776952192848,false,Non-crew,Feedback / complaint / compliment,Clear,"Feedback, complaint or compliment answered by staff; no field work.",30.0,false
AS - Livestock and Bird(s) in the City,CS - Emergency Management and Community Safety,1,308,76,5,2,303,4.0,22.5,37.4,8.616420996091838E-4,0.989839337318894,false,Non-crew,Enforcement (officer),Clear,"Handled by a bylaw/animal/licensing officer who issues notices or fines, not a work crew.",30.0,true
Bylaw - Advocacy Sign Concerns,CS - Emergency Management and Community Safety,1,284,48,0,0,284,4.0,35.6,114.7,7.945011567824941E-4,0.9906338384756764,false,Non-crew,Enforcement (officer),Clear,"Handled by a bylaw/animal/licensing officer who issues notices or fines, not a work crew.",30.0,true
ZZZ Business Safety - Business Licence Concern,CS - Emergency Management and Community Safety,1,273,0,1,1,272,24.0,30.0,48.0,7.637282246535947E-4,0.9913975667003301,false,Non-crew,Enforcement (officer),Clear,"Handled by a bylaw/animal/licensing officer who issues notices or fines, not a work crew.",30.0,false
AS - Human Injury,CS - Emergency Management and Community Safety,2,259,52,0,0,259,2.0,6.3,12.0,7.24562674671359E-4,0.9921221293750014,false,Non-crew,Enforcement (officer),Clear,"Handled by a bylaw/animal/licensing officer who issues notices or fines, not a work crew.",12.0,true
AS - Animal Injured,CS - Emergency Management and Community Safety,2,254,34,2,2,252,0.0,2.1,1.0,7.10574978249132E-4,0.9928327043532506,false,Non-crew,Enforcement (officer),Borderline,"Animal Services officer response: field dispatch, but officers, not a work crew.",1.0,true
AS - Animal Tethered -Tied,CS - Emergency Management and Community Safety,2,244,53,1,1,243,0.0,2.6,8.0,6.825995854046781E-4,0.9935153039386553,false,Non-crew,Enforcement (officer),Clear,"Handled by a bylaw/animal/licensing officer who issues notices or fines, not a work crew.",8.0,true
ZZZ VFH - Taxi/Limousine/TNC (Ride Sharing) Concern,CS - Emergency Management and Community Safety,1,231,0,0,0,231,2.0,5.8,11.0,6.462315747068878E-4,0.9941615355133622,false,Non-crew,Enforcement (officer),Clear,"Handled by a bylaw/animal/licensing officer who issues notices or fines, not a work crew.",11.0,false
AS - Rat Sighting,CS - Emergency Management and Community Safety,2,209,60,2,1,207,1.0,2.4,8.0,5.84685710449089E-4,0.9947462212238113,false,Non-crew,Enforcement (officer),Clear,"Handled by a bylaw/animal/licensing officer who issues notices or fines, not a work crew.",8.0,true
AS - Animal Park - Pathway Concerns,CS - Emergency Management and Community Safety,2,201,59,5,5,196,1.0,3.1,8.0,5.623053961735258E-4,0.9953085266199848,false,Non-crew,Enforcement (officer),Clear,"Handled by a bylaw/animal/licensing officer who issues notices or fines, not a work crew.",8.0,true
ACPL - Bite Prevention Program Application,CS - Emergency Management and Community Safety,1,187,51,25,14,162,119.5,116.2,237.8,5.231398461912902E-4,0.9958316664661762,false,Non-crew,Booking / application / permit / registration,Clear,"Admin: an application, booking, permit, licence or registration.",30.0,true
AS - Animal Services Assistance Required,CS - Emergency Management and Community Safety,2,165,32,1,0,164,0.0,4.5,5.7,4.615939819334913E-4,0.9962932604481096,false,Non-crew,Enforcement (officer),Clear,"Handled by a bylaw/animal/licensing officer who issues notices or fines, not a work crew.",5.7,true
AS - No Control Dog in Off Leash Area,CS - Emergency Management and Community Safety,2,123,22,0,0,123,2.0,5.8,12.0,3.4409733198678444E-4,0.9966373577800964,false,Non-crew,Enforcement (officer),Clear,"Handled by a bylaw/animal/licensing officer who issues notices or fines, not a work crew.",12.0,true
AS - Unlicensed Animal,CS - Emergency Management and Community Safety,2,120,16,0,0,120,3.0,7.8,15.4,3.357047141334482E-4,0.9969730624942299,false,Non-crew,Enforcement (officer),Clear,"Handled by a bylaw/animal/licensing officer who issues notices or fines, not a work crew.",15.4,true
Community Safety - Publications Request,CS - Emergency Management and Community Safety,1,116,20,1,1,115,1.0,6.7,7.6,3.2451455699566663E-4,0.9972975770512256,false,Non-crew,Inquiry / information,Clear,Question or information request answered by staff.,7.6,true
CEMA - Non Emergency Request,CS - Emergency Management and Community Safety,2,101,27,0,0,101,3.0,3.7,7.0,2.8255146772898556E-4,0.9975801285189545,false,Non-crew,Inquiry / information,Clear,Question or information request answered by staff.,7.0,true
Bylaw - Public Relations,CS - Emergency Management and Community Safety,2,97,24,0,0,97,0.0,10.5,28.2,2.71361310591204E-4,0.9978514898295457,false,Non-crew,Enforcement (officer),Clear,"Handled by a bylaw/animal/licensing officer who issues notices or fines, not a work crew.",28.2,true
Animal / Bylaw - Employee Complaint - Compliment,CS - Emergency Management and Community Safety,2,83,0,1,1,82,28.5,37.0,80.8,2.3219576060896834E-4,0.9980836855901547,false,Non-crew,Feedback / complaint / compliment,Clear,"Feedback, complaint or compliment answered by staff; no field work.",30.0,false
Bylaw - Cannabis Concerns,CS - Emergency Management and Community Safety,2,78,30,20,10,58,3.0,7.8,26.3,2.1820806418674135E-4,0.9983018936543414,false,Non-crew,Enforcement (officer),Clear,"Handled by a bylaw/animal/licensing officer who issues notices or fines, not a work crew.",26.3,true
AS - Excess Pet Concern,CS - Emergency Management and Community Safety,2,73,11,0,0,73,4.0,7.4,14.8,2.0422036776451434E-4,0.9985061140221059,false,Non-crew,Enforcement (officer),Clear,"Handled by a bylaw/animal/licensing officer who issues notices or fines, not a work crew.",14.8,true
AS - Animal Vehicle Offences,CS - Emergency Management and Community Safety,2,70,8,0,0,70,1.0,5.4,13.3,1.9582774991117814E-4,0.9987019417720171,false,Non-crew,Enforcement (officer),Clear,"Handled by a bylaw/animal/licensing officer who issues notices or fines, not a work crew.",13.3,true
AS - Honeybee Swarm or Beekeeping Inquiry,CS - Emergency Management and Community Safety,1,53,0,0,0,53,0.0,44.8,130.0,1.482695820756063E-4,0.9988502113540927,false,Non-crew,Enforcement (officer),Clear,"Handled by a bylaw/animal/licensing officer who issues notices or fines, not a work crew.",30.0,false
ACPL - Magpie Trap Information Request,CS - Emergency Management and Community Safety,1,50,0,0,0,50,0.0,0.1,0.0,1.398769642222701E-4,0.9989900883183149,false,Non-crew,Inquiry / information,Clear,Question or information request answered by staff.,1.0,false
VFH - Taxi/Limousine/TNC (Ride Sharing) Compliment - RMS,CS - Emergency Management and Community Safety,1,46,22,1,0,45,3.0,4.3,8.0,1.286868070844885E-4,0.9991187751253994,false,Non-crew,Feedback / complaint / compliment,Clear,"Feedback, complaint or compliment answered by staff; no field work.",8.0,true
AS - Animal Interference,CS - Emergency Management and Community Safety,2,38,7,0,0,38,2.0,6.7,17.8,1.0630649280892527E-4,0.9992250816182083,false,Non-crew,Enforcement (officer),Clear,"Handled by a bylaw/animal/licensing officer who issues notices or fines, not a work crew.",17.8,true
Animal / Bylaw - Publications Request,CS - Emergency Management and Community Safety,2,35,0,0,0,35,1.0,2.1,3.6,9.791387495558907E-5,0.999322995493164,false,Non-crew,Inquiry / information,Clear,Question or information request answered by staff.,3.6,false
AS - Professional Dogwalker Permit,CS - Emergency Management and Community Safety,2,34,8,0,0,34,29.5,39.3,82.0,9.511633567114366E-5,0.9994181118288351,false,Non-crew,Booking / application / permit / registration,Clear,"Admin: an application, booking, permit, licence or registration.",30.0,true
AS - Excess Pet Permit,CS - Emergency Management and Community Safety,2,33,3,2,2,31,33.0,42.8,99.0,9.231879638669827E-5,0.9995104306252218,false,Non-crew,Booking / application / permit / registration,Clear,"Admin: an application, booking, permit, licence or registration.",30.0,true
AS - Magpie Trap Information Request,CS - Emergency Management and Community Safety,2,30,0,0,0,30,0.0,0.0,0.0,8.392617853336205E-5,0.9995943568037552,false,Non-crew,Enforcement (officer),Clear,"Handled by a bylaw/animal/licensing officer who issues notices or fines, not a work crew.",1.0,false
AS - Bee Concern or Inquiry,CS - Emergency Management and Community Safety,2,27,0,0,0,27,39.0,48.6,99.4,7.553356068002585E-5,0.9996698903644352,false,Non-crew,Enforcement (officer),Clear,"Handled by a bylaw/animal/licensing officer who issues notices or fines, not a work crew.",30.0,false
Compliance - Taxi or Limousine Compliment,CS - Emergency Management and Community Safety,2,26,0,0,0,26,1.5,2.8,6.0,7.273602139558045E-5,0.9997426263858308,false,Non-crew,Feedback / complaint / compliment,Clear,"Feedback, complaint or compliment answered by staff; no field work.",6.0,false
Bylaw - Prohibited Business,CS - Emergency Management and Community Safety,1,22,0,0,0,22,7.5,38.7,72.4,6.154586425779884E-5,0.9998041722500886,false,Non-crew,Enforcement (officer),Clear,"Handled by a bylaw/animal/licensing officer who issues notices or fines, not a work crew.",30.0,false
VFH - Taxi or Limousine Compliment - RMS,CS - Emergency Management and Community Safety,1,22,0,0,0,22,2.5,3.5,7.9,6.154586425779884E-5,0.9998657181143463,false,Non-crew,Feedback / complaint / compliment,Clear,"Feedback, complaint or compliment answered by staff; no field work.",7.9,false
ACPL - Wise Whiskers  Think Like a Scientist Class Kit,CS - Emergency Management and Community Safety,1,17,17,7,0,10,11.0,13.7,35.0,4.755816783557183E-5,0.9999132762821819,false,Non-crew,Program / education / event / tour,Clear,"Program, event, tour or education request.",30.0,true
VFH - Taxi or Limousine Compliment,CS - Emergency Management and Community Safety,1,14,0,0,0,14,2.0,2.1,3.0,3.9165549982235625E-5,0.9999524418321641,false,Non-crew,Feedback / complaint / compliment,Clear,"Feedback, complaint or compliment answered by staff; no field work.",3.0,false
ZZZ VFH - Taxi or Limousine Compliment,CS - Emergency Management and Community Safety,1,5,0,0,0,5,2.0,3.2,7.0,1.3987696422227009E-5,0.9999664295285864,false,Non-crew,Feedback / complaint / compliment,Clear,"Feedback, complaint or compliment answered by staff; no field work.",7.0,false
Business Safety - Employee Complaint -  Compliment,CS - Emergency Management and Community Safety,1,3,0,0,0,3,4.0,84.0,196.0,8.392617853336205E-6,0.9999748221464397,false,Non-crew,Feedback / complaint / compliment,Clear,"Feedback, complaint or compliment answered by staff; no field work.",30.0,false
Compliance - LTS - Employee Complaint - Compliment,CS - Emergency Management and Community Safety,2,3,0,0,0,3,1.0,22.3,53.0,8.392617853336205E-6,0.9999832147642931,false,Non-crew,Feedback / complaint / compliment,Clear,"Feedback, complaint or compliment answered by staff; no field work.",30.0,false
Bylaw - Beyond the Badge Program Request,CS - Emergency Management and Community Safety,1,2,2,2,0,0,,,,5.5950785688908036E-6,0.999988809842862,false,Non-crew,Enforcement (officer),Clear,"Handled by a bylaw/animal/licensing officer who issues notices or fines, not a work crew.",30.0,true
Community Clean Up Event - Application,CS - Emergency Management and Community Safety,1,2,0,0,0,2,178.0,178.0,315.6,5.5950785688908036E-6,0.9999944049214309,false,Non-crew,Booking / application / permit / registration,Clear,"Admin: an application, booking, permit, licence or registration.",30.0,false
VFH - Employee Complaint - Compliment,CS - Emergency Management and Community Safety,1,2,0,0,0,2,0.0,0.0,0.0,5.5950785688908036E-6,0.9999999999999998,false,Non-crew,Feedback / complaint / compliment,Clear,"Feedback, complaint or compliment answered by staff; no field work.",1.0,false
Partnerships - Community Association Inquiries,CS - Partnerships,2,453,128,2,0,451,3.0,4.8,9.0,0.31878958479943703,0.31878958479943703,true,Non-crew,Inquiry / information,Clear,Question or information request answered by staff.,9.0,true
BIA Requests,CS - Partnerships,3,237,144,0,0,237,0.0,0.8,2.0,0.16678395496129486,0.4855735397607319,true,Non-crew,Inquiry / information,Clear,Question or information request answered by staff.,2.0,true
"Partnerships - Festival, Events and Cultural Development",CS - Partnerships,1,230,110,3,1,227,2.0,5.0,12.4,0.16185784658691063,0.6474313863476425,true,Non-crew,Planning / new infrastructure / capital project,Clear,"Request for new infrastructure, a capital project or engineering review; handled by planners/engineers over weeks or months, not dispatched to a crew.",12.4,true
Partnerships - Arts and Culture,CS - Partnerships,2,221,0,0,0,221,3.0,7.0,18.0,0.15552427867698804,0.8029556650246306,true,Non-crew,Inquiry / information,Clear,Question or information request answered by staff.,18.0,false
Partnerships - Sport and Facility Development,CS - Partnerships,2,137,19,0,0,137,2.0,5.9,15.0,0.0964109781843772,0.8993666432090077,true,Non-crew,Planning / new infrastructure / capital project,Clear,"Request for new infrastructure, a capital project or engineering review; handled by planners/engineers over weeks or months, not dispatched to a crew.",15.0,true
Partnerships - Public Art,CS - Partnerships,1,79,30,1,1,78,2.0,5.6,14.6,0.055594651653764954,0.9549612948627727,true,Non-crew,Inquiry / information,Clear,Question or information request answered by staff.,14.6,true
Partnerships - Housing Solutions,CS - Partnerships,1,52,1,0,0,52,5.0,8.6,20.0,0.036593947923997186,0.9915552427867699,false,Non-crew,Inquiry / information,Clear,Question or information request answered by staff.,20.0,true
Partnerships - Employee Complaint - Compliment,CS - Partnerships,1,12,0,0,0,12,1.0,3.2,7.7,0.00844475721323012,1.0,false,Non-crew,Feedback / complaint / compliment,Clear,"Feedback, complaint or compliment answered by staff; no field work.",7.7,false
RSP - Subsidized Programs - Fair Entry,CS - Recreation and Social Programs,3,23846,5364,134,3,23712,11.0,18.5,45.0,0.30369332654100867,0.30369332654100867,true,Non-crew,Booking / application / permit / registration,Clear,"Admin: an application, booking, permit, licence or registration.",30.0,true
Recreation - School Facility Booking Application,CS - Recreation and Social Programs,3,7596,1752,108,49,7488,9.0,21.1,49.0,0.0967396841569027,0.4004330106979114,true,Non-crew,Booking / application / permit / registration,Clear,"Admin: an application, booking, permit, licence or registration.",30.0,true
Recreation - Arena Booking Application,CS - Recreation and Social Programs,3,6657,1388,25,17,6632,2.0,12.7,23.0,0.0847809475292919,0.48521395822720326,true,Non-crew,Booking / application / permit / registration,Clear,"Admin: an application, booking, permit, licence or registration.",23.0,true
Recreation - Athletic Park Booking Application,CS - Recreation and Social Programs,2,5707,1248,89,63,5618,3.0,16.7,35.0,0.07268211920529802,0.5578960774325012,true,Non-crew,Booking / application / permit / registration,Clear,"Admin: an application, booking, permit, licence or registration.",30.0,true
RSP - Registered Social Worker Letter,CS - Recreation and Social Programs,3,5606,342,8,0,5598,13.0,12.6,19.0,0.07139582272032603,0.6292919001528273,true,Non-crew,Inquiry / information,Clear,Question or information request answered by staff.,19.0,true
Recreation - Playfield Booking Application,CS - Recreation and Social Programs,2,4346,1150,7,6,4339,12.0,24.0,51.0,0.05534895568008151,0.6846408558329088,true,Non-crew,Booking / application / permit / registration,Clear,"Admin: an application, booking, permit, licence or registration.",30.0,true
Active Living Program Application,CS - Recreation and Social Programs,3,3458,0,5,5,3453,97.0,168.1,372.0,0.04403973509933775,0.7286805909322466,true,Non-crew,Booking / application / permit / registration,Clear,"Admin: an application, booking, permit, licence or registration.",30.0,false
Recreation - Pool Booking Application,CS - Recreation and Social Programs,3,2469,593,48,13,2421,8.0,15.4,35.0,0.031444218033622004,0.7601248089658685,true,Non-crew,Booking / application / permit / registration,Clear,"Admin: an application, booking, permit, licence or registration.",30.0,true
RSP - Senior Services Home Maintenance Inquiry,CS - Recreation and Social Programs,3,2109,0,0,0,2109,2.0,4.4,7.0,0.02685939887926643,0.786984207845135,true,Non-crew,Inquiry / information,Clear,Question or information request answered by staff.,7.0,false
Recreation - Boat Stall Application,CS - Recreation and Social Programs,3,1726,388,4,3,1722,3.0,6.2,9.0,0.021981660723382576,0.8089658685685176,true,Non-crew,Booking / application / permit / registration,Clear,"Admin: an application, booking, permit, licence or registration.",9.0,true
Recreation - Tennis / Pickleball Court Application,CS - Recreation and Social Programs,3,1586,311,8,8,1578,3.0,13.8,50.0,0.02019867549668874,0.8291645440652063,true,Non-crew,Booking / application / permit / registration,Clear,"Admin: an application, booking, permit, licence or registration.",30.0,true
RSP - Home Services for Seniors Inquiry,CS - Recreation and Social Programs,1,1229,931,0,0,1229,2.0,3.3,6.0,0.01565206316861946,0.8448166072338258,true,Non-crew,Inquiry / information,Clear,Question or information request answered by staff.,6.0,true
RSP - Arena Inquiry,CS - Recreation and Social Programs,2,1136,186,6,2,1130,5.0,12.4,30.0,0.014467651553744269,0.8592842587875701,true,Non-crew,Inquiry / information,Clear,Question or information request answered by staff.,30.0,true
Recreation - Arena Meeting Room Application,CS - Recreation and Social Programs,3,1035,232,17,12,1018,2.0,5.9,6.0,0.013181355068772287,0.8724656138563424,true,Non-crew,Booking / application / permit / registration,Clear,"Admin: an application, booking, permit, licence or registration.",6.0,true
RSP - Volunteer Request,CS - Recreation and Social Programs,2,1033,357,0,0,1033,5.0,9.0,14.0,0.01315588385124809,0.8856214977075905,true,Non-crew,Program / education / event / tour,Clear,"Program, event, tour or education request.",14.0,true
RSP - Athletic Park Inquiry,CS - Recreation and Social Programs,2,837,192,10,3,827,6.0,15.8,41.0,0.01065970453387672,0.8962812022414672,true,Non-crew,Inquiry / information,Clear,Question or information request answered by staff.,30.0,true
Recreation - LC - Gym/Room/Courts Booking Application,CS - Recreation and Social Programs,1,642,139,6,2,636,2.0,3.4,8.0,0.008176260825267448,0.9044574630667347,true,Non-crew,Booking / application / permit / registration,Clear,"Admin: an application, booking, permit, licence or registration.",8.0,true
RSP - Property Tax Assistance Program (PTAP),CS - Recreation and Social Programs,3,585,0,0,0,585,17.0,26.0,60.4,0.0074503311258278145,0.9119077941925625,true,Non-crew,Billing / tax / accounts / claims,Clear,"Desk work: tax, billing, accounts or claims.",30.0,false
RSP - Pool - Killarney,CS - Recreation and Social Programs,2,506,86,0,0,506,3.0,5.0,11.0,0.006444218033622007,0.9183520122261846,true,Non-crew,Inquiry / information,Clear,Question or information request answered by staff.,11.0,true
RSP - Southland Leisure Centre Inquiry,CS - Recreation and Social Programs,3,475,84,2,1,473,4.0,7.5,17.0,0.006049414161996943,0.9244014263881815,true,Non-crew,Inquiry / information,Clear,Question or information request answered by staff.,17.0,true
RSP - Pool - Renfrew,CS - Recreation and Social Programs,2,430,66,0,0,430,3.0,6.0,13.0,0.005476311767702496,0.9298777381558839,true,Non-crew,Inquiry / information,Clear,Question or information request answered by staff.,13.0,true
RSP - Pool - Canyon Meadows,CS - Recreation and Social Programs,2,417,75,4,0,413,5.0,9.8,21.8,0.005310748853795211,0.9351884870096792,true,Non-crew,Inquiry / information,Clear,Question or information request answered by staff.,21.8,true
RSP - Pool - Thornhill,CS - Recreation and Social Programs,2,416,60,0,0,416,5.0,7.9,18.0,0.005298013245033113,0.9404865002547123,true,Non-crew,Inquiry / information,Clear,Question or information request answered by staff.,18.0,true
Recreation - Employee Complaint - Compliment,CS - Recreation and Social Programs,3,403,0,2,2,401,3.0,5.3,14.0,0.0051324503311258275,0.9456189505858381,true,Non-crew,Feedback / complaint / compliment,Clear,"Feedback, complaint or compliment answered by staff; no field work.",14.0,false
Recreation - Arena Tournament and Special Event Application,CS - Recreation and Social Programs,2,379,10,1,1,378,23.0,48.5,134.3,0.004826795720835456,0.9504457463066736,true,Non-crew,Booking / application / permit / registration,Clear,"Admin: an application, booking, permit, licence or registration.",30.0,true
RSP - Pool - Sir Winston Churchill,CS - Recreation and Social Programs,2,327,56,0,0,327,4.0,9.4,19.0,0.004164544065206317,0.9546102903718798,false,Non-crew,Inquiry / information,Clear,Question or information request answered by staff.,19.0,true
RSP - Pool - Bob Bahan,CS - Recreation and Social Programs,2,313,60,8,0,305,8.0,15.2,34.6,0.003986245542536933,0.9585965359144167,false,Non-crew,Inquiry / information,Clear,Question or information request answered by staff.,30.0,true
RSP - Booking Inquiry,CS - Recreation and Social Programs,2,290,44,1,1,289,3.0,5.6,13.2,0.0036933265410086604,0.9622898624554254,false,Non-crew,Booking / application / permit / registration,Clear,"Admin: an application, booking, permit, licence or registration.",13.2,true
RSP - Program Registration Inquiry,CS - Recreation and Social Programs,2,257,44,3,2,254,3.0,6.2,16.0,0.0032730514518593988,0.9655629139072848,false,Non-crew,Booking / application / permit / registration,Clear,"Admin: an application, booking, permit, licence or registration.",16.0,true
RSP - Pool - Glenmore,CS - Recreation and Social Programs,2,240,38,0,0,240,4.0,7.5,15.0,0.003056546102903719,0.9686194600101885,false,Non-crew,Inquiry / information,Clear,Question or information request answered by staff.,15.0,true
RSP - Pool - Administration Inquiry,CS - Recreation and Social Programs,2,239,36,0,0,239,2.0,6.2,14.0,0.00304381049414162,0.9716632705043301,false,Non-crew,Inquiry / information,Clear,Question or information request answered by staff.,14.0,true
RSP - Pool - Inglewood,CS - Recreation and Social Programs,2,192,41,3,0,189,2.0,5.4,14.2,0.002445236882322975,0.9741085073866531,false,Non-crew,Inquiry / information,Clear,Question or information request answered by staff.,14.2,true
RSP - Snow Angels Campaign,CS - Recreation and Social Programs,3,180,25,0,0,180,5.0,6.1,11.0,0.002292409577177789,0.9764009169638309,false,Non-crew,Program / education / event / tour,Clear,"Program, event, tour or education request.",11.0,true
RSP - Village Square Leisure Centre Inquiry,CS - Recreation and Social Programs,2,180,35,1,0,179,9.0,18.6,51.2,0.002292409577177789,0.9786933265410087,false,Non-crew,Inquiry / information,Clear,Question or information request answered by staff.,30.0,true
RSP - Calgary AfterSchool Program Inquires,CS - Recreation and Social Programs,3,172,53,2,0,170,4.0,7.1,14.1,0.0021905247070809985,0.9808838512480897,false,Non-crew,Program / education / event / tour,Clear,"Program, event, tour or education request.",14.1,true
RSP - Pool - Foothills,CS - Recreation and Social Programs,2,172,30,0,0,172,6.0,8.9,19.0,0.0021905247070809985,0.9830743759551708,false,Non-crew,Inquiry / information,Clear,Question or information request answered by staff.,19.0,true
RSP - Pool - Shouldice,CS - Recreation and Social Programs,2,170,24,0,0,170,2.5,8.4,19.0,0.002165053489556801,0.9852394294447275,false,Non-crew,Inquiry / information,Clear,Question or information request answered by staff.,19.0,true
RSP - Pool - Acadia,CS - Recreation and Social Programs,2,144,0,0,0,144,4.5,8.7,20.0,0.0018339276617422313,0.9870733571064698,false,Non-crew,Inquiry / information,Clear,Question or information request answered by staff.,20.0,false
Recreation - School Connections Booking Application,CS - Recreation and Social Programs,1,129,125,18,7,111,31.0,51.2,130.0,0.001642893530310749,0.9887162506367806,false,Non-crew,Booking / application / permit / registration,Clear,"Admin: an application, booking, permit, licence or registration.",30.0,true
RSP - Sport Hub Inquiry,CS - Recreation and Social Programs,1,119,61,0,0,119,3.0,5.1,12.0,0.0015155374426897607,0.9902317880794703,false,Non-crew,Inquiry / information,Clear,Question or information request answered by staff.,12.0,true
RSP - Calgary Soccer Centre Inquiry,CS - Recreation and Social Programs,2,112,39,0,0,112,2.0,5.3,17.0,0.0014263881813550688,0.9916581762608254,false,Non-crew,Inquiry / information,Clear,Question or information request answered by staff.,17.0,true
Recreation - Sailing School Application,CS - Recreation and Social Programs,2,111,38,4,2,107,22.0,36.1,77.4,0.00141365257259297,0.9930718288334184,false,Non-crew,Booking / application / permit / registration,Clear,"Admin: an application, booking, permit, licence or registration.",30.0,true
RSP - Glenmore Reservoir - Boat Rentals,CS - Recreation and Social Programs,1,102,34,0,0,102,3.5,14.2,48.0,0.0012990320937340805,0.9943708609271524,false,Non-crew,Program / education / event / tour,Clear,"Program, event, tour or education request.",30.0,true
LEAD Program Inquiry,CS - Recreation and Social Programs,2,86,14,0,0,86,3.5,12.9,54.0,0.0010952623535404992,0.995466123280693,false,Non-crew,Program / education / event / tour,Clear,"Program, event, tour or education request.",30.0,true
Recreation - Arena Tournament and Special Event Applicatio,CS - Recreation and Social Programs,1,85,69,11,9,74,44.0,68.8,168.7,0.0010825267447784005,0.9965486500254713,false,Non-crew,Program / education / event / tour,Clear,"Program, event, tour or education request.",30.0,true
RSP - Mobile Adventure Playground,CS - Recreation and Social Programs,2,83,3,0,0,83,7.0,8.2,17.0,0.0010570555272542029,0.9976057055527255,false,Non-crew,Program / education / event / tour,Clear,"Program, event, tour or education request.",17.0,true
RSP - Glenmore Sailing School Inquiry,CS - Recreation and Social Programs,2,59,16,1,0,58,8.0,16.4,42.6,7.514009169638309E-4,0.9983571064696893,false,Non-crew,Program / education / event / tour,Clear,"Program, event, tour or education request.",30.0,true
RSP - Glenmore Reservoir - Boat Dock/Storage Repair,CS - Recreation and Social Programs,2,49,18,0,0,49,6.0,19.9,57.4,6.240448293428426E-4,0.9989811512990322,false,Crew,Facilities,Borderline,"A repair job, but at a recreation facility rather than public infrastructure.",30.0,true
RSP - Free Summer Programs,CS - Recreation and Social Programs,2,41,10,0,0,41,4.0,6.1,11.0,5.22159959246052E-4,0.9995033112582783,false,Non-crew,Program / education / event / tour,Clear,"Program, event, tour or education request.",11.0,true
RSP - Senior Services Home Maintenance - Bylaw Concern,CS - Recreation and Social Programs,2,28,0,0,0,28,4.0,8.3,18.6,3.565970453387672E-4,0.999859908303617,false,Non-crew,Enforcement (officer),Clear,"Handled by a bylaw/animal/licensing officer who issues notices or fines, not a work crew.",18.6,false
RSP - Home Services for Seniors - Bylaw Concern,CS - Recreation and Social Programs,1,11,10,0,0,11,5.0,9.5,11.0,1.400916963830871E-4,1.0000000000000002,false,Non-crew,Enforcement (officer),Clear,"Handled by a bylaw/animal/licensing officer who issues notices or fines, not a work crew.",11.0,true
Opinions on Business Units,Corporate Wide Service Requests,1,8984,1708,18,8,8966,0.0,4.8,2.0,1.0,1.0,true,Non-crew,Feedback / complaint / compliment,Clear,"Feedback, complaint or compliment answered by staff; no field work.",2.0,true
CAI - Employee Complaint - Compliment,DCMO - Corporate Analytics and Innovation,1,1,0,0,0,1,0.0,0.0,0.0,1.0,1.0,true,Non-crew,Feedback / complaint / compliment,Clear,"Feedback, complaint or compliment answered by staff; no field work.",1.0,false
Fleet - Inquiry,DCMO - Fleet Services,1,4,0,0,0,4,1.0,0.8,1.0,1.0,1.0,true,Non-crew,Inquiry / information,Clear,Question or information request answered by staff.,1.0,false
Mayor's Office - General Concerns,Elected Officials,1,341,0,0,0,341,0.0,0.0,0.0,0.5421303656597775,0.5421303656597775,true,Non-crew,Feedback / complaint / compliment,Clear,"Feedback, complaint or compliment answered by staff; no field work.",1.0,false
Mayors Office - General Concerns,Elected Officials,1,148,88,0,0,148,0.0,0.0,0.0,0.23529411764705882,0.7774244833068362,true,Non-crew,Feedback / complaint / compliment,Clear,"Feedback, complaint or compliment answered by staff; no field work.",1.0,true
Mayor's Office - Meeting Request,Elected Officials,1,34,0,0,0,34,0.0,0.0,0.0,0.05405405405405406,0.8314785373608903,true,Non-crew,Program / education / event / tour,Clear,"Program, event, tour or education request.",1.0,false
Mayors Office - Meeting Request,Elected Officials,1,25,14,0,0,25,0.0,0.0,0.0,0.0397456279809221,0.8712241653418124,true,Non-crew,Program / education / event / tour,Clear,"Program, event, tour or education request.",1.0,true
Mayor's Office - Neighbour Day Event Invite,Elected Officials,1,21,0,0,0,21,0.0,0.0,0.0,0.033386327503974564,0.9046104928457869,true,Non-crew,Program / education / event / tour,Clear,"Program, event, tour or education request.",1.0,false
Mayors Office - Neighbour Day Event Invite,Elected Officials,1,20,19,0,0,20,0.0,0.0,0.0,0.03179650238473768,0.9364069952305245,true,Non-crew,Program / education / event / tour,Clear,"Program, event, tour or education request.",1.0,true
Mayor's Office - Birthday or Anniversary Request,Elected Officials,1,13,0,0,0,13,0.0,0.0,0.0,0.02066772655007949,0.957074721780604,true,Non-crew,Program / education / event / tour,Clear,"Program, event, tour or education request.",1.0,false
Mayors Office - Birthday or Anniversary Request,Elected Officials,1,9,8,0,0,9,0.0,0.0,0.0,0.014308426073131956,0.971383147853736,false,Non-crew,Program / education / event / tour,Clear,"Program, event, tour or education request.",1.0,true
Mayors Office - Event Invitation,Elected Officials,1,7,1,0,0,7,0.0,0.1,0.4,0.011128775834658187,0.9825119236883942,false,Non-crew,Program / education / event / tour,Clear,"Program, event, tour or education request.",1.0,true
Mayor's Office - Event Invitation,Elected Officials,1,4,0,0,0,4,0.0,0.0,0.0,0.006359300476947536,0.9888712241653418,false,Non-crew,Program / education / event / tour,Clear,"Program, event, tour or education request.",1.0,false
Mayor's Office - Proclamation or Recognition Letter Request,Elected Officials,1,3,0,0,0,3,0.0,0.0,0.0,0.0047694753577106515,0.9936406995230525,false,Non-crew,Feedback / complaint / compliment,Clear,"Feedback, complaint or compliment answered by staff; no field work.",1.0,false
Mayors Office - Proclamation or Recognition Letter Request,Elected Officials,1,2,0,0,0,2,0.0,0.0,0.0,0.003179650238473768,0.9968203497615262,false,Non-crew,Feedback / complaint / compliment,Clear,"Feedback, complaint or compliment answered by staff; no field work.",1.0,false
Mayor's Office - Greeting Message Request,Elected Officials,1,1,0,0,0,1,0.0,0.0,0.0,0.001589825119236884,0.9984101748807631,false,Non-crew,Program / education / event / tour,Clear,"Program, event, tour or education request.",1.0,false
Mayors Office - Greeting Message Request,Elected Officials,1,1,0,0,0,1,0.0,0.0,0.0,0.001589825119236884,1.0,false,Non-crew,Program / education / event / tour,Clear,"Program, event, tour or education request.",1.0,false
CPBS - Bridge - Tunnel - Underpass Concern,IS - Capital Planning and Business Services,1,502,273,8,3,493,2.0,21.2,11.0,0.5368983957219251,0.5368983957219251,true,Crew,Road & structure repair,Borderline,Same service as Roads - Bridge - Tunnel - Underpass Concern after it moved to Capital Planning; engineers often assess first.,11.0,true
CPBS - Addressing Inquiry,IS - Capital Planning and Business Services,1,141,138,8,0,133,4.0,5.7,12.0,0.15080213903743314,0.6877005347593582,true,Non-crew,Inquiry / information,Clear,Question or information request answered by staff.,12.0,true
CPBS - Plus 15 Skywalk,IS - Capital Planning and Business Services,1,131,55,0,0,131,3.0,6.4,7.0,0.14010695187165775,0.827807486631016,true,Crew,Facilities,Borderline,Skywalk maintenance is crew work; some tickets are building-owner issues.,7.0,true
CPBS - Wooden Stairs - Repairs,IS - Capital Planning and Business Services,1,89,33,0,0,89,1.0,24.4,11.2,0.09518716577540107,0.9229946524064171,true,Crew,Road & structure repair,Clear,"A crew physically repairs a road, sidewalk, lane, pathway or structure.",11.2,true
CPBS - Water and Sewer Main Condition Inquiries,IS - Capital Planning and Business Services,1,72,33,3,0,69,11.0,146.2,647.2,0.07700534759358289,1.0,true,Non-crew,Planning / new infrastructure / capital project,Clear,"Request for new infrastructure, a capital project or engineering review; handled by planners/engineers over weeks or months, not dispatched to a crew.",30.0,true
TP - Future Road Planning and Upgrades,IS - Capital Priorities and Investments,2,308,0,0,0,308,9.5,13.3,26.0,0.48580441640378547,0.48580441640378547,true,Non-crew,Planning / new infrastructure / capital project,Clear,"Request for new infrastructure, a capital project or engineering review; handled by planners/engineers over weeks or months, not dispatched to a crew.",26.0,false
TP - Noise Barrier Wall,IS - Capital Priorities and Investments,2,253,0,0,0,253,9.0,13.5,19.0,0.3990536277602524,0.8848580441640379,true,Non-crew,Planning / new infrastructure / capital project,Clear,"Request for new infrastructure, a capital project or engineering review; handled by planners/engineers over weeks or months, not dispatched to a crew.",19.0,false
TP - Neighbourhood Streets Projects,IS - Capital Priorities and Investments,1,44,0,0,0,44,3.5,22.0,27.5,0.0694006309148265,0.9542586750788644,true,Non-crew,Planning / new infrastructure / capital project,Clear,"Request for new infrastructure, a capital project or engineering review; handled by planners/engineers over weeks or months, not dispatched to a crew.",27.5,false
TP - Transportation Data,IS - Capital Priorities and Investments,2,21,0,0,0,21,7.0,10.6,24.0,0.033123028391167195,0.9873817034700316,false,Non-crew,Planning / new infrastructure / capital project,Clear,"Request for new infrastructure, a capital project or engineering review; handled by planners/engineers over weeks or months, not dispatched to a crew.",24.0,false
TP - Employee Complaint - Compliment,IS - Capital Priorities and Investments,1,7,0,0,0,7,4.0,4.0,8.8,0.011041009463722398,0.9984227129337541,false,Non-crew,Feedback / complaint / compliment,Clear,"Feedback, complaint or compliment answered by staff; no field work.",8.8,false
CPI - Employee Complaint - Compliment,IS - Capital Priorities and Investments,1,1,0,0,0,1,3.0,3.0,3.0,0.0015772870662460567,1.0000000000000002,false,Non-crew,Feedback / complaint / compliment,Clear,"Feedback, complaint or compliment answered by staff; no field work.",3.0,false
PD - Noise Barrier Wall,IS - Project Development,1,269,154,9,0,260,9.0,19.6,20.0,0.5557851239669421,0.5557851239669421,true,Non-crew,Planning / new infrastructure / capital project,Clear,"Request for new infrastructure, a capital project or engineering review; handled by planners/engineers over weeks or months, not dispatched to a crew.",20.0,true
PD - Future Road Planning and Upgrades,IS - Project Development,1,170,77,3,0,167,4.0,18.8,17.0,0.3512396694214876,0.9070247933884297,true,Non-crew,Planning / new infrastructure / capital project,Clear,"Request for new infrastructure, a capital project or engineering review; handled by planners/engineers over weeks or months, not dispatched to a crew.",17.0,true
PD - Neighbourhood Streets Projects,IS - Project Development,1,43,20,0,0,43,3.0,9.6,12.0,0.08884297520661157,0.9958677685950412,true,Non-crew,Planning / new infrastructure / capital project,Clear,"Request for new infrastructure, a capital project or engineering review; handled by planners/engineers over weeks or months, not dispatched to a crew.",12.0,true
Project Development - Employee Complaint - Compliment,IS - Project Development,1,2,2,0,0,2,19.5,19.5,25.5,0.004132231404958678,0.9999999999999999,false,Non-crew,Feedback / complaint / compliment,Clear,"Feedback, complaint or compliment answered by staff; no field work.",25.5,true
PSD - Local Improvement Inquiry,IS - Public Spaces Delivery,2,1450,331,7,1,1443,6.0,11.2,22.8,0.268319763138416,0.268319763138416,true,Non-crew,Planning / new infrastructure / capital project,Clear,"Request for new infrastructure, a capital project or engineering review; handled by planners/engineers over weeks or months, not dispatched to a crew.",22.8,true
PSD - Driveway Crossings - Curb Lowering,IS - Public Spaces Delivery,2,955,263,9,2,946,5.0,14.8,25.0,0.17672094744633604,0.44504071058475203,true,Non-crew,Planning / new infrastructure / capital project,Clear,"Request for new infrastructure, a capital project or engineering review; handled by planners/engineers over weeks or months, not dispatched to a crew.",25.0,true
PSD - Backlane Paving Construction,IS - Public Spaces Delivery,2,433,126,2,0,431,2.0,8.5,8.0,0.08012583271650629,0.5251665433012583,true,Non-crew,Planning / new infrastructure / capital project,Clear,"Request for new infrastructure, a capital project or engineering review; handled by planners/engineers over weeks or months, not dispatched to a crew.",8.0,true
PSD - Transportation Special Projects,IS - Public Spaces Delivery,1,380,187,8,0,372,6.0,9.0,19.0,0.07031828275351591,0.5954848260547743,true,Non-crew,Planning / new infrastructure / capital project,Clear,"Request for new infrastructure, a capital project or engineering review; handled by planners/engineers over weeks or months, not dispatched to a crew.",19.0,true
TI - Special Projects Inquiry,IS - Public Spaces Delivery,2,290,0,0,0,290,9.0,14.5,25.0,0.0536639526276832,0.6491487786824575,true,Non-crew,Planning / new infrastructure / capital project,Clear,"Request for new infrastructure, a capital project or engineering review; handled by planners/engineers over weeks or months, not dispatched to a crew.",25.0,false
PSD - Annual Paving Program - Major Roads,IS - Public Spaces Delivery,1,281,151,5,0,276,2.0,3.4,9.0,0.05199851961509993,0.7011472982975574,true,Non-crew,Planning / new infrastructure / capital project,Clear,"Request for new infrastructure, a capital project or engineering review; handled by planners/engineers over weeks or months, not dispatched to a crew.",9.0,true
TI - Major Road Projects Inquiry,IS - Public Spaces Delivery,2,224,0,0,0,224,3.0,8.4,13.7,0.04145077720207254,0.74259807549963,true,Non-crew,Planning / new infrastructure / capital project,Clear,"Request for new infrastructure, a capital project or engineering review; handled by planners/engineers over weeks or months, not dispatched to a crew.",13.7,false
PSD - Major Road Projects Inquiry,IS - Public Spaces Delivery,1,218,107,5,0,213,1.0,10.3,6.8,0.04034048852701702,0.782938564026647,true,Non-crew,Planning / new infrastructure / capital project,Clear,"Request for new infrastructure, a capital project or engineering review; handled by planners/engineers over weeks or months, not dispatched to a crew.",6.8,true
PSD - Parks and Open Spaces,IS - Public Spaces Delivery,1,211,91,1,0,210,3.0,4.3,9.1,0.03904515173945226,0.8219837157660992,true,Non-crew,Planning / new infrastructure / capital project,Clear,"Request for new infrastructure, a capital project or engineering review; handled by planners/engineers over weeks or months, not dispatched to a crew.",9.1,true
PSD - Various Street Improvements - Current Projects,IS - Public Spaces Delivery,1,189,61,3,0,186,1.0,3.5,11.5,0.034974093264248704,0.8569578090303479,true,Non-crew,Planning / new infrastructure / capital project,Clear,"Request for new infrastructure, a capital project or engineering review; handled by planners/engineers over weeks or months, not dispatched to a crew.",11.5,true
PSD - Special Projects Inquiry,IS - Public Spaces Delivery,1,152,0,0,0,152,6.0,8.9,17.9,0.028127313101406367,0.8850851221317543,true,Non-crew,Planning / new infrastructure / capital project,Clear,"Request for new infrastructure, a capital project or engineering review; handled by planners/engineers over weeks or months, not dispatched to a crew.",17.9,false
TI - Bridges and Structures Inquiry,IS - Public Spaces Delivery,2,138,0,0,0,138,2.0,4.1,11.0,0.02553663952627683,0.9106217616580311,true,Non-crew,Planning / new infrastructure / capital project,Clear,"Request for new infrastructure, a capital project or engineering review; handled by planners/engineers over weeks or months, not dispatched to a crew.",11.0,false
PSD - Bridges and Structures Inquiry,IS - Public Spaces Delivery,1,100,35,1,0,99,2.0,3.1,7.2,0.018504811250925242,0.9291265729089564,true,Non-crew,Planning / new infrastructure / capital project,Clear,"Request for new infrastructure, a capital project or engineering review; handled by planners/engineers over weeks or months, not dispatched to a crew.",7.2,true
PSD - Buildings - Architecture,IS - Public Spaces Delivery,1,71,18,0,0,71,2.0,12.0,15.0,0.013138415988156921,0.9422649888971133,true,Non-crew,Planning / new infrastructure / capital project,Clear,"Request for new infrastructure, a capital project or engineering review; handled by planners/engineers over weeks or months, not dispatched to a crew.",15.0,true
PSD - Urban Initiatives General Inquiries,IS - Public Spaces Delivery,1,53,0,0,0,53,6.0,10.8,20.8,0.009807549962990377,0.9520725388601037,true,Non-crew,Planning / new infrastructure / capital project,Clear,"Request for new infrastructure, a capital project or engineering review; handled by planners/engineers over weeks or months, not dispatched to a crew.",20.8,false
PSD - Major Transit Projects Inquiry,IS - Public Spaces Delivery,1,45,18,0,0,45,1.0,9.8,5.2,0.008327165062916359,0.96039970392302,false,Non-crew,Planning / new infrastructure / capital project,Clear,"Request for new infrastructure, a capital project or engineering review; handled by planners/engineers over weeks or months, not dispatched to a crew.",5.2,true
PSD - Downtown Major Projects,IS - Public Spaces Delivery,1,39,24,1,0,38,6.0,9.7,16.3,0.007216876387860844,0.9676165803108808,false,Non-crew,Planning / new infrastructure / capital project,Clear,"Request for new infrastructure, a capital project or engineering review; handled by planners/engineers over weeks or months, not dispatched to a crew.",16.3,true
PSD - Geotechnical Inquiry,IS - Public Spaces Delivery,1,37,21,0,0,37,8.0,14.6,38.0,0.006846780162842339,0.9744633604737232,false,Non-crew,Planning / new infrastructure / capital project,Clear,"Request for new infrastructure, a capital project or engineering review; handled by planners/engineers over weeks or months, not dispatched to a crew.",30.0,true
TI - Major Transit Projects Inquiry,IS - Public Spaces Delivery,2,37,0,0,0,37,1.0,8.2,7.8,0.006846780162842339,0.9813101406365655,false,Non-crew,Planning / new infrastructure / capital project,Clear,"Request for new infrastructure, a capital project or engineering review; handled by planners/engineers over weeks or months, not dispatched to a crew.",7.8,false
PSD - Events Centre - Scotia Place,IS - Public Spaces Delivery,2,28,21,0,0,28,2.0,10.8,24.4,0.0051813471502590676,0.9864914877868246,false,Non-crew,Planning / new infrastructure / capital project,Clear,"Request for new infrastructure, a capital project or engineering review; handled by planners/engineers over weeks or months, not dispatched to a crew.",24.4,true
PSD - Eau Claire Area Improvements,IS - Public Spaces Delivery,1,24,0,0,0,24,6.0,8.5,20.7,0.0044411547002220575,0.9909326424870467,false,Non-crew,Planning / new infrastructure / capital project,Clear,"Request for new infrastructure, a capital project or engineering review; handled by planners/engineers over weeks or months, not dispatched to a crew.",20.7,false
PSD - Hillside Stability,IS - Public Spaces Delivery,2,22,0,0,0,22,7.5,11.0,27.6,0.0040710584752035525,0.9950037009622502,false,Non-crew,Planning / new infrastructure / capital project,Clear,"Request for new infrastructure, a capital project or engineering review; handled by planners/engineers over weeks or months, not dispatched to a crew.",27.6,false
TI - Connections to South West Ring Road,IS - Public Spaces Delivery,2,16,0,0,0,16,5.5,9.6,26.0,0.0029607698001480384,0.9979644707623982,false,Non-crew,Planning / new infrastructure / capital project,Clear,"Request for new infrastructure, a capital project or engineering review; handled by planners/engineers over weeks or months, not dispatched to a crew.",26.0,false
TI - Employee Complaint - Compliment,IS - Public Spaces Delivery,1,7,0,0,0,7,160.0,162.9,354.8,0.0012953367875647669,0.999259807549963,false,Non-crew,Feedback / complaint / compliment,Clear,"Feedback, complaint or compliment answered by staff; no field work.",30.0,false
PSD - Employee Complaint - Compliment,IS - Public Spaces Delivery,1,2,0,0,0,2,4.0,4.0,7.2,3.700962250185048E-4,0.9996299037749815,false,Non-crew,Feedback / complaint / compliment,Clear,"Feedback, complaint or compliment answered by staff; no field work.",7.2,false
Eau Claire Area Improvements,IS - Public Spaces Delivery,1,1,0,0,0,1,34.0,34.0,34.0,1.850481125092524E-4,0.9998149518874908,false,Non-crew,Planning / new infrastructure / capital project,Clear,"Request for new infrastructure, a capital project or engineering review; handled by planners/engineers over weeks or months, not dispatched to a crew.",30.0,false
PSD - Major Mobility - Paving Program,IS - Public Spaces Delivery,1,1,0,0,0,1,7.0,7.0,7.0,1.850481125092524E-4,1.0,false,Non-crew,Planning / new infrastructure / capital project,Clear,"Request for new infrastructure, a capital project or engineering review; handled by planners/engineers over weeks or months, not dispatched to a crew.",7.0,false
Stewardship of City Owned Land,IS - Real Estate and Development Services,2,2006,442,29,15,1977,3.0,18.2,24.0,0.6278560250391236,0.6278560250391236,true,Crew,Facilities,Borderline,"Clean-up/upkeep of City-owned lots is field work, often by contractors; some tickets are encroachment issues.",24.0,true
REDS - Property Leasing and Sales Inquiry,IS - Real Estate and Development Services,2,559,84,1,0,558,3.0,5.4,7.0,0.17496087636932708,0.8028169014084507,true,Non-crew,Planning / new infrastructure / capital project,Clear,"Request for new infrastructure, a capital project or engineering review; handled by planners/engineers over weeks or months, not dispatched to a crew.",7.0,true
REDS - Encroachment Agreements on City Land,IS - Real Estate and Development Services,2,482,76,0,0,482,3.0,7.9,8.0,0.15086071987480437,0.9536776212832552,true,Non-crew,Planning / new infrastructure / capital project,Clear,"Request for new infrastructure, a capital project or engineering review; handled by planners/engineers over weeks or months, not dispatched to a crew.",8.0,true
REDS - Development Project Inquiry,IS - Real Estate and Development Services,2,88,13,0,0,88,3.0,6.0,11.0,0.02754303599374022,0.9812206572769954,false,Non-crew,Planning / new infrastructure / capital project,Clear,"Request for new infrastructure, a capital project or engineering review; handled by planners/engineers over weeks or months, not dispatched to a crew.",11.0,true
REDS - Acquisitions and Expropriations,IS - Real Estate and Development Services,2,60,13,0,0,60,3.0,3.7,7.1,0.018779342723004695,1.0,false,Non-crew,Planning / new infrastructure / capital project,Clear,"Request for new infrastructure, a capital project or engineering review; handled by planners/engineers over weeks or months, not dispatched to a crew.",7.1,true
UD - Major Projects Inquiry,IS - Utilities Delivery,1,1304,480,15,2,1289,2.0,7.0,19.2,0.7086956521739131,0.7086956521739131,true,Non-crew,Planning / new infrastructure / capital project,Clear,"Request for new infrastructure, a capital project or engineering review; handled by planners/engineers over weeks or months, not dispatched to a crew.",19.2,true
WATR - Major Projects Inquiry,IS - Utilities Delivery,3,265,0,0,0,265,3.0,6.1,13.0,0.14402173913043478,0.8527173913043479,true,Non-crew,Planning / new infrastructure / capital project,Clear,"Request for new infrastructure, a capital project or engineering review; handled by planners/engineers over weeks or months, not dispatched to a crew.",13.0,false
UD - Corrosion - Digging Close to Critical Main,IS - Utilities Delivery,1,185,23,0,0,185,6.0,20.0,21.0,0.10054347826086957,0.9532608695652174,true,Non-crew,Planning / new infrastructure / capital project,Clear,"Request for new infrastructure, a capital project or engineering review; handled by planners/engineers over weeks or months, not dispatched to a crew.",21.0,true
UD - Utility Inspection - Corrosion - Indemnification,IS - Utilities Delivery,1,86,0,0,0,86,2.0,12.5,18.5,0.04673913043478261,1.0,false,Non-crew,Inspection (inspector),Clear,An inspector visits to assess or approve; no repair work by a crew.,18.5,false
CAO - Chief Administrator's Office Inquiry,LLSS - Chief Administrators Office,1,38,19,0,0,38,0.0,9.4,2.0,1.0,1.0,true,Non-crew,Inquiry / information,Clear,Question or information request answered by staff.,2.0,true
City Clerks - Municipal Election Question,LLSS - City Clerk's Office,1,378,28,0,0,378,4.0,5.9,11.3,0.6737967914438503,0.6737967914438503,true,Non-crew,Inquiry / information,Clear,Question or information request answered by staff.,11.3,true
City Clerk's - General Concerns,LLSS - City Clerk's Office,2,50,0,0,0,50,2.0,3.3,6.0,0.08912655971479501,0.7629233511586453,true,Non-crew,Feedback / complaint / compliment,Clear,"Feedback, complaint or compliment answered by staff; no field work.",6.0,false
City Clerk's - Municipal Election Question,LLSS - City Clerk's Office,2,37,0,0,0,37,3.0,4.2,9.4,0.0659536541889483,0.8288770053475936,true,Non-crew,Inquiry / information,Clear,Question or information request answered by staff.,9.4,false
City Clerks - General Concerns,LLSS - City Clerk's Office,1,36,13,0,0,36,2.0,3.2,6.0,0.06417112299465241,0.893048128342246,true,Non-crew,Feedback / complaint / compliment,Clear,"Feedback, complaint or compliment answered by staff; no field work.",6.0,true
City Clerk's - Municipal Complex Tour,LLSS - City Clerk's Office,2,29,0,0,0,29,28.0,47.4,104.6,0.05169340463458111,0.9447415329768272,true,Non-crew,Program / education / event / tour,Clear,"Program, event, tour or education request.",30.0,false
City Clerks - Self-Guided Municipal Complex Tour,LLSS - City Clerk's Office,1,24,14,3,0,21,17.0,40.9,94.0,0.0427807486631016,0.9875222816399287,true,Non-crew,Program / education / event / tour,Clear,"Program, event, tour or education request.",30.0,true
City Clerk's - Census Inquiry,LLSS - City Clerk's Office,2,7,0,0,0,7,6.0,24.0,66.6,0.012477718360071301,1.0,false,Non-crew,Inquiry / information,Clear,Question or information request answered by staff.,30.0,false
CMO - City Manager's Office - General Concerns,LLSS - City Manager's Office,2,25,0,0,0,25,0.0,0.0,0.0,1.0,1.0,true,Non-crew,Feedback / complaint / compliment,Clear,"Feedback, complaint or compliment answered by staff; no field work.",1.0,false
Law - Risk Management and Claims,LLSS - Law,2,4416,607,1,1,4415,0.0,4.6,3.0,0.9107032377809857,0.9107032377809857,true,Non-crew,Billing / tax / accounts / claims,Clear,"Desk work: tax, billing, accounts or claims.",3.0,true
Law - Insurance and Claims,LLSS - Law,1,359,357,3,0,356,1.0,6.6,4.0,0.07403588368735822,0.984739121468344,true,Non-crew,Billing / tax / accounts / claims,Clear,"Desk work: tax, billing, accounts or claims.",4.0,true
Law - General Concern - After Hours,LLSS - Law,2,74,8,1,1,73,8.0,8.3,11.0,0.015260878531656011,1.0,false,Non-crew,Feedback / complaint / compliment,Clear,"Feedback, complaint or compliment answered by staff; no field work.",11.0,true
CPI - Bridge - Tunnel - Underpass Concern,N/A,1,101,0,0,0,101,12.0,83.2,257.0,0.4190871369294606,0.4190871369294606,true,Crew,Road & structure repair,Borderline,Same service as Roads - Bridge - Tunnel - Underpass Concern (older label); engineers often assess first.,30.0,false
CPI - Water and Sewer Main Condition Inquiries,N/A,1,49,0,0,0,49,18.0,41.5,137.8,0.2033195020746888,0.6224066390041494,true,Non-crew,Planning / new infrastructure / capital project,Clear,"Request for new infrastructure, a capital project or engineering review; handled by planners/engineers over weeks or months, not dispatched to a crew.",30.0,false
CPI - Plus 15 Skywalk,N/A,1,36,0,0,0,36,2.5,22.0,29.0,0.14937759336099585,0.7717842323651453,true,Crew,Facilities,Borderline,Skywalk maintenance is crew work; some tickets are building-owner issues.,29.0,false
CPI - Noise Barrier Wall,N/A,1,20,0,0,0,20,6.5,22.6,20.1,0.08298755186721991,0.8547717842323652,true,Non-crew,Planning / new infrastructure / capital project,Clear,"Request for new infrastructure, a capital project or engineering review; handled by planners/engineers over weeks or months, not dispatched to a crew.",20.1,false
CPI - Future Road Planning and Upgrades,N/A,1,15,0,0,0,15,8.0,9.1,20.2,0.06224066390041494,0.9170124481327802,true,Non-crew,Planning / new infrastructure / capital project,Clear,"Request for new infrastructure, a capital project or engineering review; handled by planners/engineers over weeks or months, not dispatched to a crew.",20.2,false
CPI - Wooden Stairs - Repairs,N/A,1,11,0,0,0,11,62.0,58.3,132.0,0.04564315352697095,0.9626556016597511,true,Crew,Road & structure repair,Clear,"A crew physically repairs a road, sidewalk, lane, pathway or structure.",30.0,false
CPI - Neighbourhood Streets Projects,N/A,1,9,0,0,0,9,4.0,7.2,15.6,0.03734439834024896,1.0,false,Non-crew,Planning / new infrastructure / capital project,Clear,"Request for new infrastructure, a capital project or engineering review; handled by planners/engineers over weeks or months, not dispatched to a crew.",15.6,false
CT - Lost Property,OS - Calgary Transit,2,18016,2600,155,2,17861,9.0,7.8,11.0,0.22764433100415712,0.22764433100415712,true,Non-crew,Lost and found,Clear,Lost and found items or animals; handled at a counter or by phone.,11.0,true
CT - Bus Route or Bus Schedule,OS - Calgary Transit,2,14434,3042,523,69,13911,11.0,18.8,44.0,0.18238334112533328,0.41002767212949043,true,Non-crew,"Transit service (routes, schedules, passes, trips)",Clear,"About transit routes, schedules, passes or trips; no field crew.",30.0,true
CT - Bus Stops,OS - Calgary Transit,2,13452,3040,442,84,13010,25.0,38.7,90.0,0.1699751077191342,0.5800027798486247,true,Crew,Facilities,Borderline,Stop repairs/cleaning are crew work; some tickets ask for new or moved stops.,30.0,true
CT - Transit Pass Programs,OS - Calgary Transit,2,9052,1835,20,8,9032,6.0,9.9,27.0,0.11437813522699991,0.6943809150756246,true,Non-crew,"Transit service (routes, schedules, passes, trips)",Clear,"About transit routes, schedules, passes or trips; no field crew.",27.0,true
CT AC - Trip Feedback - CTA,OS - Calgary Transit,2,4404,798,46,7,4358,5.0,8.6,21.0,0.055647515194399866,0.7500284302700244,true,Non-crew,Feedback / complaint / compliment,Clear,"Feedback, complaint or compliment answered by staff; no field work.",21.0,true
After Hours Transit - General Concerns,OS - Calgary Transit,2,4336,1044,45,3,4291,1.0,2.3,5.0,0.05478828925588507,0.8048167195259095,true,Non-crew,Feedback / complaint / compliment,Clear,"Feedback, complaint or compliment answered by staff; no field work.",5.0,true
CT - CTrain Stations,OS - Calgary Transit,2,4005,794,118,19,3887,7.0,16.5,42.0,0.0506058806434086,0.8554226001693181,true,Crew,Facilities,Borderline,Station repairs/cleaning are crew work; many tickets are general station feedback.,30.0,true
CT - Transit Safety / Public Etiquette,OS - Calgary Transit,2,2086,449,125,34,1961,8.0,16.3,41.0,0.026358019231498213,0.8817806194008163,true,Non-crew,Enforcement (officer),Clear,"Handled by a bylaw/animal/licensing officer who issues notices or fines, not a work crew.",30.0,true
CT - Advertising and Communications,OS - Calgary Transit,2,1976,450,158,87,1818,9.0,25.6,63.0,0.024968094919194855,0.9067487143200111,true,Non-crew,"Transit service (routes, schedules, passes, trips)",Clear,"About transit routes, schedules, passes or trips; no field crew.",30.0,true
CT AC - Activity Report - CTA INTERNAL,OS - Calgary Transit,1,1431,1430,16,2,1415,1.0,1.8,4.0,0.01808165173551004,0.9248303660555212,true,Non-crew,Internal report,Clear,"Internal activity report, not a request from the public.",4.0,true
CT - Snow and Ice Control,OS - Calgary Transit,2,1409,174,7,7,1402,4.0,7.0,18.0,0.017803666873049368,0.9426340329285705,true,Crew,Snow & ice,Clear,"Clearing snow/ice on public roads, pathways, parks or transit stops.",18.0,true
CT - Bus or CTrain Vehicle Maintenance,OS - Calgary Transit,2,1369,291,18,5,1351,4.0,7.8,21.0,0.017298239850393603,0.9599322727789641,true,Non-crew,"Transit service (routes, schedules, passes, trips)",Clear,"Vehicle repairs happen in the transit garage, not at a location a crew is dispatched to.",21.0,true
CT - CTrain Schedule,OS - Calgary Transit,2,1232,324,22,9,1210,6.0,12.6,33.0,0.015567152297797602,0.9754994250767617,false,Non-crew,"Transit service (routes, schedules, passes, trips)",Clear,"About transit routes, schedules, passes or trips; no field crew.",30.0,true
CT - Park and Ride Lot - LRT or Bus,OS - Calgary Transit,2,958,199,29,7,929,10.0,18.1,46.0,0.012104977192605603,0.9876044022693673,false,Non-crew,"Transit service (routes, schedules, passes, trips)",Borderline,Mostly parking/fee feedback; some lot maintenance.,30.0,true
CT - Fair Entry Inquiry,OS - Calgary Transit,2,424,0,0,0,424,1.0,4.5,6.0,0.005357526440151123,0.9929619287095184,false,Non-crew,"Transit service (routes, schedules, passes, trips)",Clear,"About transit routes, schedules, passes or trips; no field crew.",6.0,false
CT - Projects,OS - Calgary Transit,2,204,30,6,1,198,4.0,14.7,52.5,0.002577677815544408,0.9955396065250628,false,Non-crew,Planning / new infrastructure / capital project,Clear,"Request for new infrastructure, a capital project or engineering review; handled by planners/engineers over weeks or months, not dispatched to a crew.",30.0,true
CT - Shared E-Scooter,OS - Calgary Transit,2,186,0,0,0,186,2.0,4.0,8.5,0.0023502356553493134,0.9978898421804121,false,Non-crew,Vendor-operated (shared e-scooter/e-bike),Clear,"Shared e-scooter/e-bike issues go to the private operator, not City crews.",8.5,false
CT - Bikes on Transit,OS - Calgary Transit,2,124,18,4,0,120,18.5,28.1,67.1,0.0015668237702328755,0.999456665950645,false,Non-crew,"Transit service (routes, schedules, passes, trips)",Clear,"About transit routes, schedules, passes or trips; no field crew.",30.0,true
CT AC - Fair Entry Inquiry,OS - Calgary Transit,2,24,0,0,0,24,2.5,10.7,6.4,3.0325621359345977E-4,0.9997599221642385,false,Non-crew,"Transit service (routes, schedules, passes, trips)",Clear,"About transit routes, schedules, passes or trips; no field crew.",6.4,false
CT AC - Activity Report INTERNAL,OS - Calgary Transit,1,14,0,0,0,14,10.0,9.3,11.0,1.768994579295182E-4,0.999936821622168,false,Non-crew,Internal report,Clear,"Internal activity report, not a request from the public.",11.0,false
CT - Shared E-Bike,OS - Calgary Transit,1,5,0,0,0,5,1.0,2.0,3.8,6.317837783197079E-5,1.0,false,Non-crew,Vendor-operated (shared e-scooter/e-bike),Clear,"Shared e-scooter/e-bike issues go to the private operator, not City crews.",3.8,false
Facility Mgmt - FMCCC - Customer Care Centre,OS - Facility Management,2,1434,329,12,9,1422,1.0,10.3,10.9,0.6745061147695203,0.6745061147695203,true,Crew,Facilities,Borderline,"Maintenance requests for City buildings (trades crews), internal rather than public infrastructure.",10.9,true
Public - Municipal Complex - Atrium or Plaza Use Request,OS - Facility Management,2,680,187,86,56,594,55.0,110.0,336.5,0.3198494825964252,0.9943555973659455,true,Non-crew,Booking / application / permit / registration,Clear,"Admin: an application, booking, permit, licence or registration.",30.0,true
Facility Mgmt - Facility - Public Use Booking,OS - Facility Management,2,12,0,0,0,12,199.0,251.6,456.4,0.005644402634054563,1.0,false,Non-crew,Booking / application / permit / registration,Clear,"Admin: an application, booking, permit, licence or registration.",30.0,false
Fleet and Inventory - Inquiry,OS - Fleet and Inventory,2,126,45,0,0,126,4.0,14.6,23.5,0.6702127659574468,0.6702127659574468,true,Non-crew,Inquiry / information,Clear,Question or information request answered by staff.,23.5,true
Fleet - Employee Complaint - Compliment,OS - Fleet and Inventory,2,62,0,0,0,62,4.0,4.8,11.0,0.32978723404255317,1.0,true,Non-crew,Feedback / complaint / compliment,Clear,"Feedback, complaint or compliment answered by staff; no field work.",11.0,false
Roads - Pothole Maintenance,OS - Mobility,2,34790,7889,990,924,30396,1.0,5.9,6.0,0.10198009643993024,0.10198009643993024,true,Crew,Road & structure repair,Clear,"A crew physically repairs a road, sidewalk, lane, pathway or structure.",6.0,true
Roads - Snow and Ice Control,OS - Mobility,2,28005,3786,561,561,25812,1.0,3.3,4.0,0.082091192894517,0.18407128933444722,true,Crew,Snow & ice,Clear,"Clearing snow/ice on public roads, pathways, parks or transit stops.",4.0,true
Roads - Debris on Street/Sidewalk/Boulevard,OS - Mobility,2,24787,6096,1454,1262,22427,1.0,13.3,24.0,0.07265825382168872,0.25672954315613594,true,Crew,Cleaning & removal,Clear,A crew physically cleans up or removes something from public property.,24.0,true
Roads - Signs - Missing - Damaged,OS - Mobility,2,22676,5375,3812,3328,18864,145.0,166.9,393.0,0.06647026924035235,0.3231998123964883,true,Crew,"Signs, signals & lights",Clear,"Field repair or replacement of signs, markings, signals or lights.",30.0,true
Roads - Streetlight Maintenance,OS - Mobility,2,22223,2743,11,2,21717,0.0,4.2,1.0,0.06514238813407788,0.38834220053056623,true,Crew,"Signs, signals & lights",Clear,"Field repair or replacement of signs, markings, signals or lights.",1.0,true
Roads - Backlane Maintenance,OS - Mobility,2,21509,4256,2949,2667,16640,3.0,37.1,107.0,0.06304943645663867,0.4513916369872049,true,Crew,Road & structure repair,Clear,"A crew physically repairs a road, sidewalk, lane, pathway or structure.",30.0,true
Roads - Dead Animal Pick-Up,OS - Mobility,2,19741,5296,18,9,18744,0.0,0.3,1.0,0.05786688944583682,0.5092585264330417,true,Crew,Cleaning & removal,Clear,A crew physically cleans up or removes something from public property.,1.0,true
Roads - Sidewalk - Curb and Gutter Repair,OS - Mobility,2,19032,3089,4690,4680,13968,4.0,46.7,133.0,0.05578859429274942,0.5650471207257911,true,Crew,Road & structure repair,Clear,"A crew physically repairs a road, sidewalk, lane, pathway or structure.",30.0,true
Roads - Roadway Maintenance,OS - Mobility,2,17883,3770,2268,2095,14022,2.0,23.2,38.0,0.05242052499670228,0.6174676457224934,true,Crew,Road & structure repair,Clear,"A crew physically repairs a road, sidewalk, lane, pathway or structure.",30.0,true
Roads - Traffic or Pedestrian Light Repair,OS - Mobility,2,17517,4320,64,61,13848,0.0,0.7,1.0,0.05134766741414941,0.6688153131366428,true,Crew,"Signs, signals & lights",Clear,"Field repair or replacement of signs, markings, signals or lights.",1.0,true
Roads - Signs - Traffic and Roadmarking,OS - Mobility,2,12093,2844,1636,1065,10456,4.0,170.3,679.0,0.035448269797300265,0.7042635829339431,true,Crew,"Signs, signals & lights",Clear,"Field repair or replacement of signs, markings, signals or lights.",30.0,true
Roads - Signs - Parking,OS - Mobility,2,11999,2495,1048,762,10951,4.0,78.3,257.0,0.035172727139486146,0.7394363100734292,true,Crew,"Signs, signals & lights",Clear,"Field repair or replacement of signs, markings, signals or lights.",30.0,true
Roads - Traffic Signal Timing Inquiry,OS - Mobility,2,11775,2472,109,91,11666,1.0,13.7,9.0,0.03451611484852482,0.773952424921954,true,Non-crew,Planning / new infrastructure / capital project,Clear,Traffic engineers review signal timing from the office; no field crew.,9.0,true
Roads - Temporary Sign Removal,OS - Mobility,1,9325,2616,120,5,9205,4.0,11.0,25.0,0.02733441791613537,0.8012868428380894,true,Crew,Cleaning & removal,Clear,A crew physically cleans up or removes something from public property.,25.0,true
Roads - Detour Inquiry,OS - Mobility,2,6995,1807,86,61,6909,2.0,6.0,13.0,0.020504477568189478,0.8217913204062789,true,Non-crew,Inquiry / information,Clear,Question or information request answered by staff.,13.0,true
Roads - Pathway Concerns,OS - Mobility,1,6103,2109,20,1,6083,1.0,6.5,9.0,0.017889753623825645,0.8396810740301045,true,Crew,Road & structure repair,Clear,"A crew physically repairs a road, sidewalk, lane, pathway or structure.",9.0,true
Roads - Detour Urgent (Safety) Concerns,OS - Mobility,2,5693,1353,34,17,5659,2.0,15.8,15.0,0.0166879186269768,0.8563689926570813,true,Crew,Road & structure repair,Borderline,"Someone has to go fix detour signs/traffic control, but it is often the construction contractor's job.",15.0,true
Roads - Street Cleaning Annual Program,OS - Mobility,2,4893,930,351,351,4218,2.0,23.2,53.0,0.014342874730686366,0.8707118673877677,true,Non-crew,Program / education / event / tour,Borderline,"Questions about the scheduled sweeping program; sweeping itself is planned, not dispatched per ticket.",30.0,true
Roads - Safety and Education,OS - Mobility,1,4710,1285,2004,1778,2705,28.0,70.1,195.0,0.013806445939409929,0.8845183133271777,true,Non-crew,Planning / new infrastructure / capital project,Clear,"Traffic-safety concerns reviewed by traffic engineers (studies, education), not fixed by a crew.",30.0,true
Roads - Pathway Snow and Ice Concerns,OS - Mobility,1,4633,1634,0,0,4633,2.0,6.1,13.0,0.013580735464391975,0.8980990487915697,true,Crew,Snow & ice,Clear,"Clearing snow/ice on public roads, pathways, parks or transit stops.",13.0,true
Roads - Fence - Noise Barrier - Retaining Wall Repair,OS - Mobility,2,4548,911,453,402,3784,3.0,50.8,157.0,0.013331574550411115,0.9114306233419808,true,Crew,Road & structure repair,Clear,"A crew physically repairs a road, sidewalk, lane, pathway or structure.",30.0,true
"Roads - NEW Signal, Left Turn or Pedestrian Light Request",OS - Mobility,2,4346,780,2071,2071,2265,325.0,309.6,582.0,0.01273945096659778,0.9241700743085786,true,Non-crew,Planning / new infrastructure / capital project,Clear,"A request to build a new signal: a traffic-engineering study and capital project, not a repair.",30.0,true
Roads - Permits - Requests and Inquiries,OS - Mobility,1,3438,856,46,42,3392,2.0,4.2,9.0,0.010077826144308138,0.9342479004528867,true,Non-crew,Booking / application / permit / registration,Clear,"Admin: an application, booking, permit, licence or registration.",9.0,true
Roads - Streetlight Damage,OS - Mobility,2,2418,622,0,0,2391,0.0,18.1,58.0,0.007087895176537836,0.9413357956294246,true,Crew,"Signs, signals & lights",Clear,"Field repair or replacement of signs, markings, signals or lights.",30.0,true
Roads - Streetlight - General Inquiry,OS - Mobility,2,2033,419,50,7,1983,26.0,36.5,76.0,0.0059593428014480644,0.9472951384308727,true,Non-crew,Inquiry / information,Clear,Question or information request answered by staff.,30.0,true
Roads - Traffic Operational Improvement Suggestions,OS - Mobility,1,1719,455,46,45,1673,0.0,9.2,7.0,0.005038913072154069,0.9523340515030267,true,Non-crew,Planning / new infrastructure / capital project,Clear,"Request for new infrastructure, a capital project or engineering review; handled by planners/engineers over weeks or months, not dispatched to a crew.",7.0,true
Roads - Street Paving Program,OS - Mobility,2,1554,398,205,93,1349,5.0,13.9,28.0,0.004555247768544168,0.956889299271571,false,Non-crew,Planning / new infrastructure / capital project,Clear,"Request for new infrastructure, a capital project or engineering review; handled by planners/engineers over weeks or months, not dispatched to a crew.",28.0,true
Roads - NEW Sidewalk - Curb and Gutter Repair,OS - Mobility,1,1456,1456,970,207,470,13.0,13.9,21.0,0.0042679798912485896,0.9611572791628196,false,Crew,Road & structure repair,Clear,"A crew physically repairs a road, sidewalk, lane, pathway or structure.",21.0,true
Roads - Employee Complaint - Compliment,OS - Mobility,2,1395,0,34,34,1361,6.0,10.0,23.0,0.004089170294156444,0.965246449456976,false,Non-crew,Feedback / complaint / compliment,Clear,"Feedback, complaint or compliment answered by staff; no field work.",23.0,false
Roads - Pavement Markings - Missing or Faded,OS - Mobility,2,1357,313,34,16,1323,82.0,126.2,410.0,0.003977780709082648,0.9692242301660586,false,Crew,"Signs, signals & lights",Clear,"Field repair or replacement of signs, markings, signals or lights.",30.0,true
Roads - Repaving Candidate Street and Inquiries,OS - Mobility,2,1210,254,32,13,1178,20.0,27.2,67.0,0.003546878893139281,0.972771109059198,false,Non-crew,Planning / new infrastructure / capital project,Clear,"Request for new infrastructure, a capital project or engineering review; handled by planners/engineers over weeks or months, not dispatched to a crew.",30.0,true
Roads - Boulevard Maintenance,OS - Mobility,2,942,0,4,4,906,3.0,8.9,13.0,0.0027612891878819857,0.9755323982470799,false,Crew,Road & structure repair,Clear,"A crew physically repairs a road, sidewalk, lane, pathway or structure.",13.0,false
Roads - Traffic Signal Lane Designation Sign,OS - Mobility,2,805,154,492,476,313,10.0,121.6,541.8,0.002359700420642249,0.9778920986677222,false,Crew,"Signs, signals & lights",Clear,"Field repair or replacement of signs, markings, signals or lights.",30.0,true
"Roads - New Signal, Left Turn or Pedestrian Light Request",OS - Mobility,1,770,412,490,224,280,303.0,293.7,470.3,0.0022571047501795424,0.9801492034179018,false,Non-crew,Planning / new infrastructure / capital project,Clear,"Same as 'Roads - NEW Signal...' (different capitalization): a request to build a new signal, not a repair.",30.0,true
Roads - E-Scooter,OS - Mobility,1,597,164,74,73,523,46.0,203.7,460.8,0.0017499890076067362,0.9818991924255085,false,Non-crew,Vendor-operated (shared e-scooter/e-bike),Clear,"Shared e-scooters belong to private operators, who move or fix them.",30.0,true
Roads - Feedback - Community Traffic Safety Projects,OS - Mobility,1,522,64,4,4,518,0.0,3.8,0.0,0.001530141142329508,0.983429333567838,false,Non-crew,Feedback / complaint / compliment,Clear,"Feedback, complaint or compliment answered by staff; no field work.",1.0,true
Roads - Bridge - Tunnel - Underpass Concern,OS - Mobility,2,481,0,0,0,481,12.0,33.0,70.0,0.0014099576426446232,0.9848392912104826,false,Crew,Road & structure repair,Borderline,Structure repairs are crew work; some tickets are engineering assessments first.,30.0,false
Roads - Traffic Signal Construction Inquiry,OS - Mobility,2,466,96,110,102,356,2.0,14.8,22.0,0.0013659880695891776,0.9862052792800718,false,Non-crew,Planning / new infrastructure / capital project,Clear,"Request for new infrastructure, a capital project or engineering review; handled by planners/engineers over weeks or months, not dispatched to a crew.",22.0,true
Roads - Local Improvement Inquiry,OS - Mobility,2,388,0,0,0,388,7.0,11.3,27.0,0.0011373462897008603,0.9873426255697727,false,Non-crew,Planning / new infrastructure / capital project,Clear,"Request for new infrastructure, a capital project or engineering review; handled by planners/engineers over weeks or months, not dispatched to a crew.",27.0,false
Roads - Curb Lowering for Existing Driveways,OS - Mobility,2,366,0,0,0,366,2.0,8.8,21.0,0.0010728575825528733,0.9884154831523255,false,Non-crew,Planning / new infrastructure / capital project,Clear,"Request for new infrastructure, a capital project or engineering review; handled by planners/engineers over weeks or months, not dispatched to a crew.",21.0,false
Roads - Sidewalk Installation and Accessibility,OS - Mobility,1,347,70,53,40,294,148.0,202.4,567.6,0.0010171627900159757,0.9894326459423415,false,Non-crew,Planning / new infrastructure / capital project,Clear,"Request for new infrastructure, a capital project or engineering review; handled by planners/engineers over weeks or months, not dispatched to a crew.",30.0,true
Roads - Traffic Signal Operation Report - Intersection Plan,OS - Mobility,2,329,17,1,1,328,27.0,29.1,50.0,9.643993023494408E-4,0.990397045244691,false,Non-crew,Planning / new infrastructure / capital project,Clear,"Request for new infrastructure, a capital project or engineering review; handled by planners/engineers over weeks or months, not dispatched to a crew.",30.0,true
Roads - Wheelchair Slope - Request For,OS - Mobility,2,320,60,31,18,289,7.0,18.3,41.0,9.380175585161735E-4,0.9913350628032072,false,Non-crew,Planning / new infrastructure / capital project,Clear,"Request for new infrastructure, a capital project or engineering review; handled by planners/engineers over weeks or months, not dispatched to a crew.",30.0,true
Roads - BIA Maintenance,OS - Mobility,2,319,110,33,29,283,2.0,8.6,12.6,9.350862536458104E-4,0.992270149056853,false,Crew,Road & structure repair,Clear,"A crew physically repairs a road, sidewalk, lane, pathway or structure.",12.6,true
Roads - Traffic Control Change Feedback,OS - Mobility,2,268,25,8,8,260,0.0,1.5,4.0,7.855897052572953E-4,0.9930557387621103,false,Non-crew,Feedback / complaint / compliment,Clear,"Feedback, complaint or compliment answered by staff; no field work.",4.0,true
Roads - Traffic Operational Improvement Inquiry,OS - Mobility,2,246,0,24,24,222,0.0,2.0,3.0,7.211009981093083E-4,0.9937768397602196,false,Non-crew,Planning / new infrastructure / capital project,Clear,"Request for new infrastructure, a capital project or engineering review; handled by planners/engineers over weeks or months, not dispatched to a crew.",3.0,false
Roads - Indemnification Agreement - Request For,OS - Mobility,2,213,0,0,0,213,3.0,14.0,35.6,6.243679373873279E-4,0.9944012076976069,false,Non-crew,Planning / new infrastructure / capital project,Clear,"Request for new infrastructure, a capital project or engineering review; handled by planners/engineers over weeks or months, not dispatched to a crew.",30.0,false
Roads - Minor Projects Construction,OS - Mobility,2,183,0,10,10,173,9.0,21.1,61.6,5.364287912764367E-4,0.9949376364888833,false,Non-crew,Planning / new infrastructure / capital project,Clear,"Request for new infrastructure, a capital project or engineering review; handled by planners/engineers over weeks or months, not dispatched to a crew.",30.0,false
Roads - Plus 15 Skywalk,OS - Mobility,2,166,0,0,0,166,3.0,5.8,10.0,4.86596608480265E-4,0.9954242330973636,false,Crew,Facilities,Borderline,Skywalk maintenance is crew work; some tickets are building-owner issues.,10.0,false
Roads - Utility Placement Inquiry,OS - Mobility,1,159,59,6,5,153,3.0,5.2,12.0,4.660774743877237E-4,0.9958903105717514,false,Non-crew,Planning / new infrastructure / capital project,Clear,"Request for new infrastructure, a capital project or engineering review; handled by planners/engineers over weeks or months, not dispatched to a crew.",12.0,true
Roads - New Subdivisions,OS - Mobility,2,132,0,0,0,132,4.0,7.5,11.9,3.8693224288792157E-4,0.9962772428146393,false,Non-crew,Planning / new infrastructure / capital project,Clear,"Request for new infrastructure, a capital project or engineering review; handled by planners/engineers over weeks or months, not dispatched to a crew.",11.9,false
Roads - Backlane Paving Construction,OS - Mobility,2,131,0,0,0,131,3.0,7.3,15.0,3.840009380175585E-4,0.9966612437526569,false,Non-crew,Planning / new infrastructure / capital project,Clear,"Request for new infrastructure, a capital project or engineering review; handled by planners/engineers over weeks or months, not dispatched to a crew.",15.0,false
CPA - Employee Complaint - Compliment,OS - Mobility,2,117,0,1,1,116,1.0,34.6,150.5,3.4296266983247593E-4,0.9970042064224893,false,Non-crew,Feedback / complaint / compliment,Clear,"Feedback, complaint or compliment answered by staff; no field work.",30.0,false
Roads - Shared E-Bike,OS - Mobility,1,110,55,56,54,54,26.0,103.2,328.6,3.224435357399346E-4,0.9973266499582293,false,Non-crew,Vendor-operated (shared e-scooter/e-bike),Clear,"Shared e-scooter/e-bike issues go to the private operator, not City crews.",30.0,true
Roads - New Audible/Accessible Pedestrian Signal,OS - Mobility,2,103,23,18,17,85,2.0,33.0,26.2,3.019244016473933E-4,0.9976285743598767,false,Non-crew,Planning / new infrastructure / capital project,Clear,"Request for new infrastructure, a capital project or engineering review; handled by planners/engineers over weeks or months, not dispatched to a crew.",26.2,true
Roads - Traffic Camera and ATIS Inquiries,OS - Mobility,2,98,27,1,1,97,1.0,4.7,17.4,2.872678772955781E-4,0.9979158422371723,false,Non-crew,Inquiry / information,Clear,Question or information request answered by staff.,17.4,true
Roads - Bike Rack Request - NEW,OS - Mobility,1,95,23,70,65,25,143.0,208.9,595.0,2.78473962684489E-4,0.9981943161998568,false,Non-crew,Planning / new infrastructure / capital project,Clear,"Request for new infrastructure, a capital project or engineering review; handled by planners/engineers over weeks or months, not dispatched to a crew.",30.0,true
Roads - Stairs - Damage,OS - Mobility,2,95,0,0,0,95,1.0,13.6,32.4,2.78473962684489E-4,0.9984727901625412,false,Crew,Road & structure repair,Clear,"A crew physically repairs a road, sidewalk, lane, pathway or structure.",30.0,false
Roads - Boulevard Garden and Landscaping Request,OS - Mobility,2,78,0,2,2,76,2.0,7.9,26.5,2.2864177988831728E-4,0.9987014319424296,false,Non-crew,Planning / new infrastructure / capital project,Clear,"Request for new infrastructure, a capital project or engineering review; handled by planners/engineers over weeks or months, not dispatched to a crew.",26.5,false
Roads - Traffic Signal Operation Report - Intersection Pla,OS - Mobility,1,74,67,12,0,62,27.0,37.6,55.8,2.1691656040686511E-4,0.9989183485028365,false,Non-crew,Planning / new infrastructure / capital project,Clear,"Request for new infrastructure, a capital project or engineering review; handled by planners/engineers over weeks or months, not dispatched to a crew.",30.0,true
Roads - Traffic Vibration Concerns,OS - Mobility,2,72,19,3,1,69,7.0,16.3,21.2,2.1105395066613904E-4,0.9991294024535026,false,Non-crew,Planning / new infrastructure / capital project,Clear,"Request for new infrastructure, a capital project or engineering review; handled by planners/engineers over weeks or months, not dispatched to a crew.",21.2,true
Roads - Transportation Data,OS - Mobility,1,69,20,10,9,59,4.0,58.8,220.2,2.022600360550499E-4,0.9993316624895576,false,Non-crew,Planning / new infrastructure / capital project,Clear,"Request for new infrastructure, a capital project or engineering review; handled by planners/engineers over weeks or months, not dispatched to a crew.",30.0,true
Roads - Adaptive Roadways and Seasonal Patio Programs,OS - Mobility,2,61,5,0,0,61,0.0,6.3,34.0,1.7880959709214557E-4,0.9995104720866498,false,Non-crew,Planning / new infrastructure / capital project,Clear,"Request for new infrastructure, a capital project or engineering review; handled by planners/engineers over weeks or months, not dispatched to a crew.",30.0,true
Roads - Load Ban and Overweight Vehicle on Road Inquiry,OS - Mobility,2,61,11,4,4,57,6.0,46.0,180.8,1.7880959709214557E-4,0.9996892816837419,false,Non-crew,Planning / new infrastructure / capital project,Clear,"Request for new infrastructure, a capital project or engineering review; handled by planners/engineers over weeks or months, not dispatched to a crew.",30.0,true
Roads - Shared and Rental E-Scooter Program,OS - Mobility,1,56,56,38,0,18,0.0,0.1,0.0,1.6415307274033036E-4,0.9998534347564823,false,Non-crew,Vendor-operated (shared e-scooter/e-bike),Clear,"Shared e-scooter/e-bike issues go to the private operator, not City crews.",1.0,true
Roads - 5G Wireless Infrastructure Deployment Inquiry,OS - Mobility,1,14,1,1,0,13,1.0,2.4,4.0,4.103826818508259E-5,0.9998944730246674,false,Non-crew,Planning / new infrastructure / capital project,Clear,"Request for new infrastructure, a capital project or engineering review; handled by planners/engineers over weeks or months, not dispatched to a crew.",4.0,true
Roads - Shared and Rental E-Bike Program,OS - Mobility,1,14,14,10,0,4,0.0,0.0,0.0,4.103826818508259E-5,0.9999355112928525,false,Non-crew,Vendor-operated (shared e-scooter/e-bike),Clear,"Shared e-scooter/e-bike issues go to the private operator, not City crews.",1.0,true
Roads - Agricultural Crossing Request,OS - Mobility,2,10,0,0,0,10,2.0,13.8,30.4,2.9313048703630422E-5,0.9999648243415562,false,Non-crew,Planning / new infrastructure / capital project,Clear,"Request for new infrastructure, a capital project or engineering review; handled by planners/engineers over weeks or months, not dispatched to a crew.",30.0,false
Roads - Hillside Stability,OS - Mobility,2,7,0,0,0,7,25.0,33.7,80.0,2.0519134092541295E-5,0.9999853434756487,false,Non-crew,Planning / new infrastructure / capital project,Clear,"Request for new infrastructure, a capital project or engineering review; handled by planners/engineers over weeks or months, not dispatched to a crew.",30.0,false
Roads - Shared E-Scooter,OS - Mobility,1,5,0,0,0,5,2.0,12.0,34.2,1.4656524351815211E-5,1.0000000000000004,false,Non-crew,Vendor-operated (shared e-scooter/e-bike),Clear,"Shared e-scooter/e-bike issues go to the private operator, not City crews.",30.0,false
Filming and Movie and Drone Activities,OS - Operational Excellence,1,92,21,2,0,90,1.0,5.2,5.2,1.0,1.0,true,Non-crew,Booking / application / permit / registration,Clear,"Admin: an application, booking, permit, licence or registration.",5.2,true
Parks - Tree Concern - GIS,OS - Parks and Open Spaces,1,42457,12952,1192,471,41265,7.0,16.6,39.0,0.2337129740233289,0.2337129740233289,true,Crew,Parks & trees,Clear,"Parks crew does hands-on work: trees, mowing, park repairs or upkeep.",30.0,true
Parks - Tree Concern - WAM,OS - Parks and Open Spaces,2,15018,0,24,24,14994,4.0,9.4,20.0,0.08266955846815256,0.31638253249148146,true,Crew,Parks & trees,Clear,"Parks crew does hands-on work: trees, mowing, park repairs or upkeep.",20.0,false
Parks - Garbage - GIS,OS - Parks and Open Spaces,1,13340,4233,65,26,13275,3.0,5.0,10.0,0.0734326747879315,0.389815207279413,true,Crew,Cleaning & removal,Clear,A crew physically cleans up or removes something from public property.,10.0,true
Parks - Wildlife Sightings,OS - Parks and Open Spaces,2,11358,2081,21,21,11337,0.0,0.0,0.0,0.06252236283668111,0.4523375701160941,true,Non-crew,Inquiry / information,Clear,A sighting report for tracking; no crew action.,1.0,true
Parks - Wildlife Management,OS - Parks and Open Spaces,2,9522,1857,6,3,9516,0.0,1.0,2.0,0.05241573683138559,0.5047533069474797,true,Non-crew,Inquiry / information,Borderline,Mostly advice; occasional field response by wildlife staff.,2.0,true
Parks - Mowing Request - GIS,OS - Parks and Open Spaces,1,7682,1520,36,29,7646,3.0,5.9,14.0,0.04228709203305021,0.5470403989805299,true,Crew,Parks & trees,Clear,"Parks crew does hands-on work: trees, mowing, park repairs or upkeep.",14.0,true
Parks - Infrastructure - GIS,OS - Parks and Open Spaces,1,7166,2284,87,39,7079,3.0,5.0,10.0,0.03944666773090833,0.5864870667114382,true,Crew,Parks & trees,Clear,"Parks crew does hands-on work: trees, mowing, park repairs or upkeep.",10.0,true
Parks - Maintenance - GIS,OS - Parks and Open Spaces,1,6669,2045,39,19,6630,4.0,6.3,14.0,0.03671083269570578,0.623197899407144,true,Crew,Parks & trees,Clear,"Parks crew does hands-on work: trees, mowing, park repairs or upkeep.",14.0,true
Parks - Snow and Ice Concerns - WAM,OS - Parks and Open Spaces,2,6245,0,2,2,6243,2.0,3.7,7.0,0.034376840633480676,0.6575747400406247,true,Crew,Snow & ice,Clear,"Clearing snow/ice on public roads, pathways, parks or transit stops.",7.0,false
Parks - Venue Bookings and Inquiries,OS - Parks and Open Spaces,2,5214,1464,34,0,5180,2.0,5.3,8.0,0.028701496727456883,0.6862762367680816,true,Non-crew,Booking / application / permit / registration,Clear,"Admin: an application, booking, permit, licence or registration.",8.0,true
Parks - Garbage - WAM,OS - Parks and Open Spaces,2,4916,0,2,2,4914,3.0,5.0,9.0,0.02706109664598735,0.7133373334140689,true,Crew,Cleaning & removal,Clear,A crew physically cleans up or removes something from public property.,9.0,false
Parks - Parks and Open Spaces Bookings,OS - Parks and Open Spaces,3,4726,1040,63,27,4663,40.0,61.4,148.0,0.02601520397659402,0.739352537390663,true,Non-crew,Booking / application / permit / registration,Clear,"Admin: an application, booking, permit, licence or registration.",30.0,true
Parks - Roadside Greens - GIS,OS - Parks and Open Spaces,1,4333,1292,85,35,4248,3.0,6.6,15.0,0.023851857560427826,0.7632043949510908,true,Crew,Parks & trees,Clear,"Parks crew does hands-on work: trees, mowing, park repairs or upkeep.",15.0,true
Parks - Infrastructure - WAM,OS - Parks and Open Spaces,2,3512,0,3,3,3509,2.0,5.3,11.0,0.01933250028899666,0.7825368952400875,true,Crew,Parks & trees,Clear,"Parks crew does hands-on work: trees, mowing, park repairs or upkeep.",11.0,false
Parks - Maintenance - WAM,OS - Parks and Open Spaces,2,3045,0,4,4,3041,3.0,6.0,12.0,0.01676180620159306,0.7992987014416806,true,Crew,Parks & trees,Clear,"Parks crew does hands-on work: trees, mowing, park repairs or upkeep.",12.0,false
Parks - Irrigation Maintenance - GIS,OS - Parks and Open Spaces,1,2754,969,54,36,2700,2.0,6.9,8.0,0.015159939007943279,0.8144586404496239,true,Crew,Parks & trees,Clear,"Parks crew does hands-on work: trees, mowing, park repairs or upkeep.",8.0,true
Parks - Natural Area Maintenance - GIS,OS - Parks and Open Spaces,1,2576,1372,33,13,2543,4.0,8.7,19.0,0.014180102717669531,0.8286387431672935,true,Crew,Parks & trees,Clear,"Parks crew does hands-on work: trees, mowing, park repairs or upkeep.",19.0,true
Parks - Weed Control Issues - GIS,OS - Parks and Open Spaces,1,2420,726,4,2,2416,6.0,9.7,22.0,0.013321369789115009,0.8419601129564085,true,Crew,Parks & trees,Clear,"Parks crew does hands-on work: trees, mowing, park repairs or upkeep.",22.0,true
Parks - Pathway Concern - WAM,OS - Parks and Open Spaces,2,2189,0,1,1,2188,3.0,4.9,11.0,0.012049784491063122,0.8540098974474716,true,Crew,Parks & trees,Clear,"Parks crew does hands-on work: trees, mowing, park repairs or upkeep.",11.0,false
Parks - Mowing Request - WAM,OS - Parks and Open Spaces,2,2032,0,0,0,2032,2.0,3.8,8.0,0.011185546864248636,0.8651954443117202,true,Crew,Parks & trees,Clear,"Parks crew does hands-on work: trees, mowing, park repairs or upkeep.",8.0,false
Parks - General Concerns,OS - Parks and Open Spaces,2,1979,363,23,7,1956,4.0,12.3,40.0,0.010893797856470497,0.8760892421681907,true,Non-crew,Feedback / complaint / compliment,Borderline,Mixed bag; specific repair issues have their own Parks types.,30.0,true
Parks - Tree Planting and Tree Watering Inquiries - GIS,OS - Parks and Open Spaces,1,1896,1836,136,31,1760,5.0,10.1,27.0,0.010436907900893412,0.8865261500690842,true,Non-crew,Inquiry / information,Clear,Question or information request answered by staff.,27.0,true
Parks - Snow and Ice Concerns - GIS,OS - Parks and Open Spaces,1,1760,24,24,24,1736,1.0,3.6,6.0,0.00968826893753819,0.8962144190066224,true,Crew,Snow & ice,Clear,"Clearing snow/ice on public roads, pathways, parks or transit stops.",6.0,true
Parks - Pest Concerns - GIS,OS - Parks and Open Spaces,1,1543,535,7,0,1536,6.0,9.5,18.0,0.00849374941512581,0.9047081684217482,true,Crew,Parks & trees,Borderline,"Pest treatment is done by Parks crews, but many tickets are reports/advice only.",18.0,true
Parks - Planning Inquiries,OS - Parks and Open Spaces,2,1472,280,24,8,1448,5.0,14.9,37.0,0.008102915838668304,0.9128110842604165,true,Non-crew,Planning / new infrastructure / capital project,Clear,"Request for new infrastructure, a capital project or engineering review; handled by planners/engineers over weeks or months, not dispatched to a crew.",30.0,true
Parks - Development - Tree Concern - GIS,OS - Parks and Open Spaces,1,1316,497,41,13,1275,10.0,16.5,34.0,0.007244182910113782,0.9200552671705302,true,Non-crew,Inspection (inspector),Borderline,Urban Forestry inspects trees on development sites; no crew work.,30.0,true
Parks - Irrigation Maintenance - WAM,OS - Parks and Open Spaces,2,1117,0,1,1,1116,2.0,8.2,13.0,0.006148747956380771,0.926204015126911,true,Crew,Parks & trees,Clear,"Parks crew does hands-on work: trees, mowing, park repairs or upkeep.",13.0,false
Parks - PlayBins,OS - Parks and Open Spaces,1,1012,587,17,0,995,2.0,3.2,7.0,0.005570754639084459,0.9317747697659954,true,Non-crew,Program / education / event / tour,Clear,"Program, event, tour or education request.",7.0,true
Parks PlayBins,OS - Parks and Open Spaces,2,1003,0,0,0,1003,4.0,8.3,29.0,0.0055212123547447745,0.9372959821207402,true,Non-crew,Program / education / event / tour,Clear,"Program, event, tour or education request.",29.0,false
Parks - Employee Complaint - Compliment,OS - Parks and Open Spaces,2,923,0,9,9,914,2.0,4.3,10.0,0.005080836493947584,0.9423768186146878,true,Non-crew,Feedback / complaint / compliment,Clear,"Feedback, complaint or compliment answered by staff; no field work.",10.0,false
Parks - Natural Area Inquiries - GIS,OS - Parks and Open Spaces,1,719,519,38,2,681,8.0,13.3,28.0,0.003957878048914749,0.9463346966636026,true,Non-crew,Inquiry / information,Clear,Question or information request answered by staff.,28.0,true
Parks - Golf Course Inquiry,OS - Parks and Open Spaces,2,701,221,3,2,698,1.0,3.7,8.0,0.003858793480235381,0.950193490143838,true,Non-crew,Inquiry / information,Clear,Question or information request answered by staff.,8.0,true
Parks - Weed Control Issues - WAM,OS - Parks and Open Spaces,2,699,0,0,0,699,3.0,6.4,12.0,0.003847784083715451,0.9540412742275535,false,Crew,Parks & trees,Clear,"Parks crew does hands-on work: trees, mowing, park repairs or upkeep.",12.0,false
Parks - Lighting Concern - GIS,OS - Parks and Open Spaces,1,688,210,4,1,684,4.0,5.9,13.0,0.0037872324028558374,0.9578285066304093,false,Crew,"Signs, signals & lights",Clear,"Field repair or replacement of signs, markings, signals or lights.",13.0,true
Parks - Branching Out Tree Program,OS - Parks and Open Spaces,1,676,0,0,0,676,0.0,0.3,0.0,0.0037211760237362587,0.9615496826541455,false,Non-crew,Program / education / event / tour,Clear,"Program, event, tour or education request.",1.0,false
Parks - Lost and Found - GIS,OS - Parks and Open Spaces,1,595,199,8,2,587,4.0,6.1,12.4,0.0032752954646791035,0.9648249781188246,false,Non-crew,Lost and found,Clear,Lost and found items or animals; handled at a counter or by phone.,12.4,true
Parks - Natural Area Maintenance - WAM,OS - Parks and Open Spaces,2,592,0,0,0,592,3.0,6.6,11.0,0.003258781369899209,0.9680837594887238,false,Crew,Parks & trees,Clear,"Parks crew does hands-on work: trees, mowing, park repairs or upkeep.",11.0,false
Parks - School Program Registration,OS - Parks and Open Spaces,2,591,154,2,0,589,1.0,2.8,7.0,0.003253276671639244,0.971337036160363,false,Non-crew,Booking / application / permit / registration,Clear,"Admin: an application, booking, permit, licence or registration.",7.0,true
Parks - Pest Concerns - WAM,OS - Parks and Open Spaces,2,519,0,0,0,519,5.0,7.9,14.0,0.0028569383969217726,0.9741939745572848,false,Crew,Parks & trees,Borderline,"Pest treatment is done by Parks crews, but many tickets are reports/advice only.",14.0,false
Parks - Volunteer Request,OS - Parks and Open Spaces,2,507,92,3,3,504,2.0,3.2,7.0,0.0027908820178021944,0.976984856575087,false,Non-crew,Program / education / event / tour,Clear,"Program, event, tour or education request.",7.0,true
Parks - Community Inquiry,OS - Parks and Open Spaces,2,487,120,9,2,478,6.0,16.8,46.3,0.002680788052602897,0.9796656446276899,false,Non-crew,Inquiry / information,Clear,Question or information request answered by staff.,30.0,true
Parks - Tree Education Programs,OS - Parks and Open Spaces,2,431,116,0,0,431,3.0,6.9,14.0,0.002372524950044863,0.9820381695777347,false,Non-crew,Program / education / event / tour,Clear,"Program, event, tour or education request.",14.0,true
Parks - Pest Management,OS - Parks and Open Spaces,2,385,125,2,1,383,1.0,4.8,12.8,0.002119308830086479,0.9841574784078212,false,Crew,Parks & trees,Borderline,"Pest treatment is done by Parks crews, but many tickets are reports/advice only.",12.8,true
Parks - Lighting Concern - WAM,OS - Parks and Open Spaces,2,375,0,0,0,375,3.0,4.6,7.0,0.00206426184748683,0.9862217402553081,false,Crew,"Signs, signals & lights",Clear,"Field repair or replacement of signs, markings, signals or lights.",7.0,false
Parks - Pathway Concern - GIS,OS - Parks and Open Spaces,1,348,0,0,0,348,1.0,3.3,4.0,0.0019156349944677784,0.9881373752497759,false,Crew,Parks & trees,Clear,"Parks crew does hands-on work: trees, mowing, park repairs or upkeep.",4.0,false
Parks - Development - Tree Concern - WAM,OS - Parks and Open Spaces,2,335,0,0,0,335,8.0,13.4,20.0,0.0018440739170882349,0.989981449166864,false,Non-crew,Inspection (inspector),Borderline,Urban Forestry inspects trees on development sites; no crew work.,20.0,false
Parks - Irrigation Line Location Request - GIS,OS - Parks and Open Spaces,1,301,93,7,3,294,4.0,7.3,17.7,0.001656914176249429,0.9916383633431135,false,Non-crew,Inquiry / information,Borderline,"Staff mark irrigation lines for contractors; a locate service, not repair.",17.7,true
Parks - Lost and Found - WAM,OS - Parks and Open Spaces,2,215,0,0,0,215,3.0,5.0,10.0,0.0011835101258924493,0.992821873469006,false,Non-crew,Lost and found,Clear,Lost and found items or animals; handled at a counter or by phone.,10.0,false
Parks - Natural Area Inquiries - WAM,OS - Parks and Open Spaces,2,183,0,0,0,183,4.0,6.8,15.6,0.001007359781573573,0.9938292332505796,false,Non-crew,Inquiry / information,Clear,Question or information request answered by staff.,15.6,false
Parks - Playfield Usage Concerns,OS - Parks and Open Spaces,1,169,142,7,2,162,7.0,10.0,22.0,9.302940059340647E-4,0.9947595272565136,false,Non-crew,Inquiry / information,Clear,Question or information request answered by staff.,22.0,true
Parks - Irrigation Line Location Request - WAM,OS - Parks and Open Spaces,2,149,0,0,0,149,3.0,8.2,12.4,8.202000407347671E-4,0.9955797272972484,false,Non-crew,Inquiry / information,Borderline,"Staff mark irrigation lines for contractors; a locate service, not repair.",12.4,false
Parks - NAM - Inactive Camp Clean Up - GIS INTERNAL,OS - Parks and Open Spaces,1,144,144,13,0,131,4.0,4.6,11.0,7.926765494349427E-4,0.9963724038466834,false,Crew,Cleaning & removal,Clear,A crew physically cleans up or removes something from public property.,11.0,true
Parks - Mosquito Concerns,OS - Parks and Open Spaces,1,128,39,1,0,127,12.0,11.5,15.0,7.046013772755047E-4,0.9970770052239588,false,Non-crew,Inquiry / information,Borderline,"Mosquito program reports; treatment is scheduled, not dispatched per ticket.",15.0,true
Parks - Roadside Greens,OS - Parks and Open Spaces,1,112,0,0,0,112,4.0,5.7,11.0,6.165262051160665E-4,0.9976935314290749,false,Crew,Parks & trees,Clear,"Parks crew does hands-on work: trees, mowing, park repairs or upkeep.",11.0,false
Playfield Portisan Placement Request,OS - Parks and Open Spaces,3,95,0,0,0,95,19.0,27.2,55.0,5.229463346966635E-4,0.9982164777637715,false,Non-crew,Booking / application / permit / registration,Clear,"Admin: an application, booking, permit, licence or registration.",30.0,false
Parks - Seasonal Vendor Application,OS - Parks and Open Spaces,1,91,44,0,0,91,54.0,82.7,178.0,5.009275416568041E-4,0.9987174053054283,false,Non-crew,Booking / application / permit / registration,Clear,"Admin: an application, booking, permit, licence or registration.",30.0,true
Parks - Cemetery - Maintenance - GIS,OS - Parks and Open Spaces,1,77,25,1,0,76,8.0,11.5,23.5,4.2386176601729575E-4,0.9991412670714456,false,Crew,Parks & trees,Clear,"Parks crew does hands-on work: trees, mowing, park repairs or upkeep.",23.5,true
Parks Seasonal Vendor Application,OS - Parks and Open Spaces,2,66,0,0,0,66,212.5,171.0,296.5,3.6331008515768206E-4,0.9995045771566032,false,Non-crew,Booking / application / permit / registration,Clear,"Admin: an application, booking, permit, licence or registration.",30.0,false
Parks - Cemetery - Maintenance - WAM,OS - Parks and Open Spaces,2,50,0,0,0,50,4.0,25.1,19.0,2.75234912998244E-4,0.9997798120696014,false,Crew,Parks & trees,Clear,"Parks crew does hands-on work: trees, mowing, park repairs or upkeep.",19.0,false
Parks - Playfield Portable Toilet Concern After Placement,OS - Parks and Open Spaces,1,34,0,0,0,34,3.5,5.9,11.4,1.871597408388059E-4,0.9999669718104403,false,Crew,Parks & trees,Borderline,"Toilet servicing is field work, usually by the rental vendor.",11.4,false
Parks - APT Maintenance,OS - Parks and Open Spaces,1,6,0,1,1,5,5.0,9.2,21.8,3.302818955978928E-5,1.0,false,Crew,Parks & trees,Borderline,"Maintenance ticket, but very low volume and unclear scope.",21.8,false
WRS - Cart Management,OS - Waste and Recycling Services,2,102428,23454,140,0,102288,3.0,4.3,8.0,0.35420031053215806,0.35420031053215806,true,Crew,Waste collection,Clear,"Collection crew work: missed pickups, carts, special or commercial collection.",8.0,true
WRS - Waste - Residential,OS - Waste and Recycling Services,2,36710,9256,38,0,36672,1.0,1.6,4.0,0.1269447162849565,0.4811450268171146,true,Crew,Waste collection,Clear,"Collection crew work: missed pickups, carts, special or commercial collection.",4.0,true
WRS - Recycling - Blue Cart,OS - Waste and Recycling Services,2,36309,9327,44,0,36265,1.0,1.6,4.0,0.12555804150341826,0.6067030683205328,true,Crew,Waste collection,Clear,"Collection crew work: missed pickups, carts, special or commercial collection.",4.0,true
WRS - Compost - Green Cart,OS - Waste and Recycling Services,2,33263,6896,37,0,33226,1.0,1.5,4.0,0.11502484603068666,0.7217279143512194,true,Crew,Waste collection,Clear,"Collection crew work: missed pickups, carts, special or commercial collection.",4.0,true
WRS - New Service - Carts,OS - Waste and Recycling Services,2,30520,6165,55,0,30465,4.0,5.0,11.0,0.10553943723826946,0.8272673515894888,true,Crew,Waste collection,Clear,"Collection crew work: missed pickups, carts, special or commercial collection.",11.0,true
WRS - Debris in Backlane,OS - Waste and Recycling Services,2,15742,4158,74,0,15668,1.0,2.2,4.0,0.054436494790459956,0.8817038463799488,true,Crew,Waste collection,Clear,"Collection crew work: missed pickups, carts, special or commercial collection.",4.0,true
WRS - Commercial Collection Services,OS - Waste and Recycling Services,2,12601,3124,20,0,12581,1.0,1.4,4.0,0.04357478534205221,0.925278631722001,true,Crew,Waste collection,Clear,"Collection crew work: missed pickups, carts, special or commercial collection.",4.0,true
WRS - Programs,OS - Waste and Recycling Services,2,10037,2638,28,0,10009,3.0,5.2,12.0,0.034708366040645824,0.9599869977626468,true,Non-crew,Program / education / event / tour,Borderline,Program questions (e.g. seasonal pickups); some may trigger a pickup.,12.0,true
WRS - Employee - Complaint Compliment,OS - Waste and Recycling Services,2,2565,584,1,0,2564,1.0,1.9,5.0,0.008869877343255608,0.9688568751059025,false,Non-crew,Feedback / complaint / compliment,Clear,"Feedback, complaint or compliment answered by staff; no field work.",5.0,true
WRS - Brochures,OS - Waste and Recycling Services,2,1600,258,8,0,1592,1.0,3.4,10.0,0.005532866958755935,0.9743897420646584,false,Non-crew,Inquiry / information,Clear,Question or information request answered by staff.,10.0,true
WRS - Landfill - Disposal Information,OS - Waste and Recycling Services,2,1532,341,5,0,1527,1.0,1.8,4.0,0.005297720113008808,0.9796874621776672,false,Non-crew,Inquiry / information,Clear,Question or information request answered by staff.,4.0,true
WRS - Landfill - Industrial Permit or Inquiry,OS - Waste and Recycling Services,2,834,154,0,0,834,0.0,1.2,4.0,0.002884006902251531,0.9825714690799188,false,Non-crew,Booking / application / permit / registration,Clear,"Admin: an application, booking, permit, licence or registration.",4.0,true
WRS - Landfill - Accounts and Billing,OS - Waste and Recycling Services,2,650,128,0,0,650,1.0,2.3,5.0,0.0022477272019945987,0.9848191962819134,false,Non-crew,Billing / tax / accounts / claims,Clear,"Desk work: tax, billing, accounts or claims.",5.0,true
WRS - Collection Schedule Inquiry,OS - Waste and Recycling Services,2,605,116,1,0,604,10.0,16.5,40.0,0.0020921153187795877,0.986911311600693,false,Non-crew,Inquiry / information,Clear,Question or information request answered by staff.,30.0,true
WRS - Landfill - Operations,OS - Waste and Recycling Services,2,476,117,1,0,475,4.0,5.4,13.0,0.0016460279202298905,0.988557339520923,false,Non-crew,Inquiry / information,Borderline,"Landfill site issues handled by landfill staff on site, not a dispatched crew.",13.0,true
WRS - Bin Checks,OS - Waste and Recycling Services,2,474,96,0,0,474,3.0,3.7,7.0,0.0016391118365314456,0.9901964513574544,false,Crew,Waste collection,Borderline,"A WRS staff member visits the bin, but it is a check, not collection.",7.0,true
WRS - Waste Requirements for Businesses,OS - Waste and Recycling Services,2,436,17,0,0,436,2.0,4.0,8.0,0.0015077062462609922,0.9917041576037153,false,Non-crew,Inquiry / information,Clear,Question or information request answered by staff.,8.0,true
WRS - Disposal Guide Tool Feedback,OS - Waste and Recycling Services,1,414,90,0,0,414,0.0,0.0,0.0,0.0014316293255780981,0.9931357869292934,false,Non-crew,Feedback / complaint / compliment,Clear,"Feedback, complaint or compliment answered by staff; no field work.",1.0,true
WRS - School Landfill Tours Lottery,OS - Waste and Recycling Services,2,400,107,0,0,400,0.0,0.6,0.0,0.0013832167396889837,0.9945190036689824,false,Non-crew,Booking / application / permit / registration,Clear,"Admin: an application, booking, permit, licence or registration.",1.0,true
WRS - Recycling - Depots,OS - Waste and Recycling Services,2,342,64,0,0,342,1.0,1.2,2.0,0.0011826503124340811,0.9957016539814164,false,Crew,Waste collection,Borderline,Servicing overflowing depot bins is crew work; some tickets are depot questions.,2.0,true
WRS - Landfill - Clean Fill,OS - Waste and Recycling Services,2,335,78,2,0,333,0.0,1.1,3.8,0.001158444019489524,0.9968600980009059,false,Non-crew,Inquiry / information,Clear,Question or information request answered by staff.,3.8,true
WRS - Multifamily Recycling and Composting,OS - Waste and Recycling Services,2,282,49,0,0,282,4.0,5.9,12.0,9.751678014807335E-4,0.9978352658023867,false,Non-crew,Inquiry / information,Clear,Question or information request answered by staff.,12.0,true
WRS - Education Inquiries,OS - Waste and Recycling Services,1,242,38,1,0,241,4.0,11.1,16.0,8.368461275118351E-4,0.9986721119298985,false,Non-crew,Program / education / event / tour,Clear,"Program, event, tour or education request.",16.0,true
WRS - Special Collection,OS - Waste and Recycling Services,2,210,34,0,0,210,1.0,4.6,11.1,7.261887883367164E-4,0.9993983007182352,false,Crew,Waste collection,Clear,"Collection crew work: missed pickups, carts, special or commercial collection.",11.1,true
WRS - Landfill - Diversion Programs,OS - Waste and Recycling Services,2,129,21,0,0,129,1.0,1.8,4.0,4.460873985496973E-4,0.9998443881167849,false,Non-crew,Program / education / event / tour,Clear,"Program, event, tour or education request.",4.0,true
WRS - Recycling - Community,OS - Waste and Recycling Services,1,45,16,0,0,45,2.0,3.6,9.8,1.5561188321501067E-4,0.9999999999999999,false,Crew,Waste collection,Borderline,Servicing community recycling bins is crew work; some tickets are questions.,9.8,true
WATR - Utility Inspection - Corrosion - Indemnification,OS - Water Resources,2,202,0,0,0,202,4.0,10.8,28.9,0.6011904761904762,0.6011904761904762,true,Non-crew,Inspection (inspector),Clear,An inspector visits to assess or approve; no repair work by a crew.,28.9,false
WATR - Water Development Inquiry,OS - Water Resources,2,89,0,0,0,88,8.5,126.8,876.9,0.2648809523809524,0.8660714285714286,true,Non-crew,Planning / new infrastructure / capital project,Clear,"Request for new infrastructure, a capital project or engineering review; handled by planners/engineers over weeks or months, not dispatched to a crew.",30.0,false
WATR - Water and Sewer Main Condition Inquiries,OS - Water Resources,2,37,0,0,0,37,5.0,8.8,13.8,0.11011904761904762,0.9761904761904763,true,Non-crew,Planning / new infrastructure / capital project,Clear,"Request for new infrastructure, a capital project or engineering review; handled by planners/engineers over weeks or months, not dispatched to a crew.",13.8,false
WATR - Re-Use of Existing Site Services,OS - Water Resources,2,8,0,0,0,8,17.5,159.8,496.3,0.023809523809523808,1.0,false,Non-crew,Planning / new infrastructure / capital project,Clear,"Request for new infrastructure, a capital project or engineering review; handled by planners/engineers over weeks or months, not dispatched to a crew.",30.0,false
WATS - Sewage Back-up,OS - Water Services,2,25079,4422,5,0,25074,0.0,0.6,1.0,0.16503576575568732,0.16503576575568732,true,Crew,Water & sewer,Clear,Water/sewer crew goes to the site to fix or respond to a utility problem.,1.0,true
WATS - Sewer Maintenance,OS - Water Services,2,14891,3324,146,0,14724,11.0,11.8,25.0,0.09799224801100283,0.26302801376669016,true,Crew,Water & sewer,Clear,Water/sewer crew goes to the site to fix or respond to a utility problem.,25.0,true
WATS - Catch Basin Concerns,OS - Water Services,2,13039,2387,25,7,12869,3.0,6.7,14.0,0.08580491047044965,0.3488329242371398,true,Crew,Water & sewer,Clear,Water/sewer crew goes to the site to fix or respond to a utility problem.,14.0,true
WATS - Service and Main Valve Issues,OS - Water Services,2,9672,2103,398,187,9274,87.0,103.9,224.0,0.06364790966103145,0.41248083389817125,true,Crew,Water & sewer,Clear,Water/sewer crew goes to the site to fix or respond to a utility problem.,30.0,true
WATS - Water Meter Issues,OS - Water Services,2,8915,2342,124,1,8788,13.0,33.1,54.0,0.058666368344509445,0.4711472022426807,true,Crew,Water & sewer,Clear,Water/sewer crew goes to the site to fix or respond to a utility problem.,30.0,true
WATS - Water Main Break or Leak,OS - Water Services,2,8470,1675,10,8,7516,0.0,1.2,1.0,0.05573798540414975,0.5268851876468305,true,Crew,Water & sewer,Clear,Water/sewer crew goes to the site to fix or respond to a utility problem.,1.0,true
WATS - Water Off-On Appointment,OS - Water Services,2,5592,1043,34,2,5557,20.0,58.0,149.0,0.036798915511216695,0.5636841031580472,true,Crew,Water & sewer,Borderline,"Field job by Water Services, but booked by the customer, not a hazard to prioritize.",30.0,true
WATS - Water Outage,OS - Water Services,2,4107,937,15,6,3390,1.0,2.9,3.0,0.027026671316982647,0.5907107744750298,true,Crew,Water & sewer,Clear,Water/sewer crew goes to the site to fix or respond to a utility problem.,3.0,true
WATS - Water Meter Installation Request,OS - Water Services,2,3870,900,35,5,3831,9.0,56.4,167.0,0.02546706062739782,0.6161778351024276,true,Crew,Water & sewer,Borderline,"Field job by Water Services, but a booked installation, not a hazard.",30.0,true
WATS - Fire Hydrant,OS - Water Services,2,3720,908,21,11,3699,3.0,13.7,29.0,0.024479965254242866,0.6406578003566705,true,Crew,Water & sewer,Clear,Water/sewer crew goes to the site to fix or respond to a utility problem.,29.0,true
WATS - Construction Inquiry,OS - Water Services,2,3622,0,0,0,3622,1.0,8.0,6.0,0.02383506294378163,0.6644928633004522,true,Non-crew,Planning / new infrastructure / capital project,Clear,"Request for new infrastructure, a capital project or engineering review; handled by planners/engineers over weeks or months, not dispatched to a crew.",6.0,false
WATS - Emergency Water Temporary Off,OS - Water Services,2,3618,759,6,6,3612,0.0,0.7,0.0,0.023808740400497495,0.6883016037009497,true,Crew,Water & sewer,Clear,Water/sewer crew goes to the site to fix or respond to a utility problem.,1.0,true
WATS - Water Pressure Issues,OS - Water Services,2,3544,693,28,6,3479,3.0,9.4,20.0,0.023321773349741053,0.7116233770506908,true,Crew,Water & sewer,Borderline,Usually needs a field investigation; the cause may be on private property.,20.0,true
UEP - Odour Inquiries,OS - Water Services,2,3286,652,8,1,3278,2.0,6.6,11.0,0.02162396930791453,0.7332473463586053,true,Non-crew,Inquiry / information,Borderline,"Odour reports, mostly from treatment plants; no crew dispatch.",11.0,true
WATS - Spills Entering Storm System,OS - Water Services,2,3091,791,12,9,3079,1.0,4.6,3.0,0.02034074532281309,0.7535880916814184,true,Crew,Cleaning & removal,Clear,A crew physically cleans up or removes something from public property.,3.0,true
WATS - Cross Connection Inquiries,OS - Water Services,2,3064,631,6,0,3058,4.0,7.2,20.0,0.020163068155645197,0.7737511598370636,true,Non-crew,Inquiry / information,Clear,Question or information request answered by staff.,20.0,true
WATS - Water Quality,OS - Water Services,2,2939,660,0,0,2934,2.0,9.5,18.0,0.01934048867801607,0.7930916485150796,true,Crew,Water & sewer,Borderline,Usually a field sampling visit; may not need repair work.,18.0,true
WATS - Cross Connection Tester Support - ONLINE,OS - Water Services,2,2923,675,7,0,2916,3.0,6.0,16.0,0.019235198504879543,0.8123268470199592,true,Non-crew,Inquiry / information,Clear,Question or information request answered by staff.,16.0,true
WATS - Manhole Concerns,OS - Water Services,2,2836,721,27,0,2804,6.0,8.9,19.0,0.01866268318844967,0.8309895302084088,true,Crew,Water & sewer,Clear,Water/sewer crew goes to the site to fix or respond to a utility problem.,19.0,true
WATS - Erosion and Sediment Control,OS - Water Services,1,2805,726,265,200,2540,29.5,84.7,237.0,0.018458683477997645,0.8494482136864064,true,Non-crew,Enforcement (officer),Clear,"Handled by a bylaw/animal/licensing officer who issues notices or fines, not a work crew.",30.0,true
WATS - Urgent Water Reconnect,OS - Water Services,2,2455,553,13,0,2442,1.0,7.9,13.9,0.016155460940636083,0.8656036746270426,true,Crew,Water & sewer,Clear,Water/sewer crew goes to the site to fix or respond to a utility problem.,13.9,true
WATS - Construction Inquiry - MAX,OS - Water Services,1,2024,1083,11,4,2013,1.0,3.8,5.0,0.013319206901770849,0.8789228815288134,true,Non-crew,Planning / new infrastructure / capital project,Clear,"Request for new infrastructure, a capital project or engineering review; handled by planners/engineers over weeks or months, not dispatched to a crew.",5.0,true
WATS - Fire Hydrant Flow Test,OS - Water Services,2,1723,286,2,2,1721,3.0,8.4,20.0,0.011338435519639908,0.8902613170484532,true,Non-crew,Planning / new infrastructure / capital project,Borderline,"A test requested by developers/engineers; a service, not a repair.",20.0,true
WATS - Drainage Bylaw,OS - Water Services,2,1616,352,211,134,1405,33.0,50.9,120.0,0.010634307486789374,0.9008956245352426,true,Non-crew,Enforcement (officer),Clear,"Handled by a bylaw/animal/licensing officer who issues notices or fines, not a work crew.",30.0,true
WATS - Hydrant Connection Unit - HCU Inspections,OS - Water Services,1,1420,395,3,0,1417,1.0,2.8,6.0,0.0093445028658669,0.9102401274011095,true,Non-crew,Inspection (inspector),Clear,An inspector visits to assess or approve; no repair work by a crew.,6.0,true
WATS - Water Wagon Issues,OS - Water Services,2,1397,234,0,0,1397,1.0,3.4,2.0,0.00919314824198314,0.9194332756430926,true,Non-crew,Inquiry / information,Clear,Question or information request answered by staff.,2.0,true
WATS - Property Rehab,OS - Water Services,2,1350,399,103,63,1247,26.0,65.7,190.0,0.008883858358394588,0.9283171340014872,true,Non-crew,Inquiry / information,Clear,Question or information request answered by staff.,30.0,true
WATS - Tap Water Sampling Program,OS - Water Services,2,1019,189,155,121,864,49.0,85.4,210.0,0.006705667901632656,0.9350228019031198,true,Non-crew,Program / education / event / tour,Clear,"Program, event, tour or education request.",30.0,true
WATS - Drainage Concerns,OS - Water Services,2,1016,197,77,50,938,15.0,48.8,127.0,0.006685925994169556,0.9417087278972893,true,Crew,Water & sewer,Borderline,Field investigation of drainage; may lead to repair or to a bylaw issue.,30.0,true
WATS - Hydrant Control Unit - HCU Inspections,OS - Water Services,2,982,0,0,0,982,1.0,3.5,9.0,0.006462184376254434,0.9481709122735438,true,Non-crew,Inspection (inspector),Clear,An inspector visits to assess or approve; no repair work by a crew.,9.0,false
WATS - Basement Seepage,OS - Water Services,2,935,149,0,0,931,1.0,2.7,5.0,0.006152894492665881,0.9543238067662096,true,Crew,Water & sewer,Borderline,Field investigation to rule out a City main; often a private-property issue.,5.0,true
WATS - Storm Pond Concerns,OS - Water Services,2,821,189,8,0,813,3.0,6.4,14.0,0.005402702009068116,0.9597265087752778,false,Crew,Water & sewer,Borderline,Pond maintenance is crew work; some tickets are questions.,14.0,true
WATS - Bulk Water Accounts and Air Gap Vehicle Inspection,OS - Water Services,1,738,191,3,0,735,5.0,66.1,219.0,0.004856509235922375,0.9645830180112002,false,Non-crew,Inspection (inspector),Clear,An inspector visits to assess or approve; no repair work by a crew.,30.0,true
WATS - Water Equipment Pickup,OS - Water Services,2,590,0,2,2,586,3.0,17.9,55.5,0.0038825751344094867,0.9684655931456096,false,Crew,Water & sewer,Borderline,"A crew picks up equipment, but it is logistics, not a repair.",30.0,false
WATS - Water Billing Concerns,OS - Water Services,1,525,132,1,0,524,1.0,13.1,10.0,0.0034548338060423397,0.971920426951652,false,Non-crew,Billing / tax / accounts / claims,Clear,"Desk work: tax, billing, accounts or claims.",10.0,true
WATS - Temporary Water Line Issues,OS - Water Services,2,510,111,0,0,510,1.0,5.9,4.0,0.0033561242687268444,0.9752765512203789,false,Crew,Water & sewer,Borderline,"Field fix of temporary water lines, low volume.",4.0,true
WATS - Water Service Fee Invoice,OS - Water Services,1,502,199,1,0,501,1.0,5.8,7.0,0.00330347918215858,0.9785800304025375,false,Non-crew,Billing / tax / accounts / claims,Clear,"Desk work: tax, billing, accounts or claims.",7.0,true
WATS - Flat to Meter Appointment,OS - Water Services,1,499,137,129,103,370,43.0,132.7,412.0,0.003283737274695481,0.9818637676772329,false,Crew,Water & sewer,Borderline,"Field job by Water Services, but a booked installation, not a hazard.",30.0,true
WATS - Water Equipment Pickup - MAX,OS - Water Services,1,406,242,3,1,403,1.0,4.5,9.8,0.0026717381433394092,0.9845355058205724,false,Crew,Water & sewer,Borderline,"A crew picks up equipment, but it is logistics, not a repair.",9.8,true
WATS - Water Treatment Inquiries,OS - Water Services,2,365,62,1,1,364,4.0,32.1,23.4,0.002401932074677055,0.9869374378952495,false,Non-crew,Inquiry / information,Clear,Question or information request answered by staff.,23.4,true
WATS - Bulk Water Station Inquiries,OS - Water Services,2,361,116,0,0,361,1.0,4.3,11.0,0.002375609531392923,0.9893130474266424,false,Non-crew,Inquiry / information,Clear,Question or information request answered by staff.,11.0,true
WATS - Wastewater Treatment Information,OS - Water Services,2,265,45,1,0,264,3.0,3.9,7.0,0.0017438684925737524,0.9910569159192162,false,Non-crew,Inquiry / information,Clear,Question or information request answered by staff.,7.0,true
WATS - Water Data Request,OS - Water Services,1,259,60,1,0,258,4.0,22.2,42.0,0.0017043846776475544,0.9927613005968637,false,Non-crew,Inquiry / information,Clear,Question or information request answered by staff.,30.0,true
WATS - Industrial Monitoring Inquiry,OS - Water Services,1,252,60,2,0,250,2.0,7.9,13.1,0.0016583202269003232,0.9944196208237641,false,Non-crew,Inquiry / information,Clear,Question or information request answered by staff.,13.1,true
WATS - Lot Grading,OS - Water Services,2,213,75,35,21,178,15.5,40.9,112.5,0.001401675429880035,0.9958212962536441,false,Non-crew,Inspection (inspector),Clear,An inspector visits to assess or approve; no repair work by a crew.,30.0,true
WATS - Water Run Inquiry,OS - Water Services,2,173,0,0,0,173,1.0,6.7,5.8,0.0011384499970387139,0.9969597462506828,false,Non-crew,Inquiry / information,Clear,Question or information request answered by staff.,5.8,false
WATS - Developer Request for Parks Irrigation Meter,OS - Water Services,2,162,45,28,11,134,173.5,259.8,662.5,0.0010660630030073506,0.9980258092536902,false,Non-crew,Planning / new infrastructure / capital project,Clear,"Request for new infrastructure, a capital project or engineering review; handled by planners/engineers over weeks or months, not dispatched to a crew.",30.0,true
WATS - Location of Underground Water Lines,OS - Water Services,2,120,0,0,0,120,1.0,1.5,4.0,7.896762985239634E-4,0.9988154855522142,false,Non-crew,Inquiry / information,Clear,Question or information request answered by staff.,4.0,false
WATS - Location of Underground Water Lines - MAX,OS - Water Services,1,84,41,0,0,84,1.0,36.3,198.2,5.527734089667744E-4,0.999368258961181,false,Non-crew,Inquiry / information,Clear,Question or information request answered by staff.,30.0,true
Z - OLD - WATS - Construction Inquiry,OS - Water Services,1,52,0,0,0,52,2.0,5.3,6.9,3.421930626937175E-4,0.9997104520238747,false,Non-crew,Planning / new infrastructure / capital project,Clear,"Request for new infrastructure, a capital project or engineering review; handled by planners/engineers over weeks or months, not dispatched to a crew.",6.9,false
WATS - Water Run Inquiry - MAX,OS - Water Services,1,40,21,0,0,40,1.0,2.8,5.2,2.632254328413211E-4,0.999973677456716,false,Non-crew,Inquiry / information,Clear,Question or information request answered by staff.,5.2,true
WATS - Treatment Plant Tours,OS - Water Services,1,4,4,0,0,4,5.5,5.0,6.7,2.632254328413211E-5,1.0,false,Non-crew,Program / education / event / tour,Clear,"Program, event, tour or education request.",6.7,true
CT AC - Trip Feedback - Checker Taxi,OSC - Calgary Transit,2,4100,939,2,1,4098,1.0,1.3,3.0,0.5006716326779826,0.5006716326779826,true,Non-crew,Feedback / complaint / compliment,Clear,"Feedback, complaint or compliment answered by staff; no field work.",3.0,true
CT AC - Trip Feedback - Care Calgary,OSC - Calgary Transit,2,2206,421,3,0,2203,2.0,3.0,6.0,0.26938576138722675,0.7700573940652093,true,Non-crew,Feedback / complaint / compliment,Clear,"Feedback, complaint or compliment answered by staff; no field work.",6.0,true
CT AC - Trip Feedback - Southland,OSC - Calgary Transit,2,1603,376,0,0,1603,1.0,3.5,7.0,0.19575039687385518,0.9658077909390645,true,Non-crew,Feedback / complaint / compliment,Clear,"Feedback, complaint or compliment answered by staff; no field work.",7.0,true
CT AC - Activity Report - Checker INTERNAL,OSC - Calgary Transit,1,111,111,1,0,110,1.5,2.9,4.0,0.013554768592013678,0.9793625595310782,false,Non-crew,Internal report,Clear,"Internal activity report, not a request from the public.",4.0,true
CT AC - Activity Report - Care Calgary INTERNAL,OSC - Calgary Transit,1,93,93,1,0,92,5.0,5.1,8.9,0.011356698009524973,0.9907192575406032,false,Non-crew,Internal report,Clear,"Internal activity report, not a request from the public.",8.9,true
CT AC - Activity Report - Southland INTERNAL,OSC - Calgary Transit,1,76,76,0,0,76,1.5,2.3,5.0,0.009280742459396751,1.0,false,Non-crew,Internal report,Clear,"Internal activity report, not a request from the public.",5.0,true
Green Line - Spill and Substance Release Report (X217),OSC - Greenline,1,86,86,3,1,83,1.0,1.7,3.0,1.0,1.0,true,Non-crew,Inquiry / information,Borderline,Spill reports on the Green Line construction project; handled by the project contractor.,3.0,true
GFL - Black Cart Collection,OSC - Waste and Recycling Services,2,15182,3546,26,0,15156,1.0,2.5,4.0,1.0,1.0,true,Crew,Waste collection,Clear,"Collection crew work: missed pickups, carts, special or commercial collection.",4.0,true
City Auditors - General Concerns,Office of the City Auditor,1,7,0,0,0,7,2.0,36.9,100.4,0.7,0.7,true,Non-crew,Feedback / complaint / compliment,Clear,"Feedback, complaint or compliment answered by staff; no field work.",30.0,false
City Auditors - General Inquiries,Office of the City Auditor,1,3,3,0,0,3,3.0,3.3,5.4,0.3,1.0,true,Non-crew,Inquiry / information,Clear,Question or information request answered by staff.,5.4,true
CAC - Public Infrastructure Inquiry,PD - Calgary Approvals Coordination,1,1,0,0,0,1,31.0,31.0,31.0,1.0,1.0,true,Non-crew,Inquiry / information,Clear,Question or information request answered by staff.,30.0,false
CBS Inspection - SCP - New Home,PD - Calgary Building Services,2,4028,0,1,1,4027,3.0,3.9,7.0,0.4160727197603553,0.4160727197603553,true,Non-crew,Inspection (inspector),Clear,An inspector visits to assess or approve; no repair work by a crew.,7.0,false
CBS Inspection - Furnace Replacement,PD - Calgary Building Services,2,3056,0,0,0,3056,5.0,5.4,10.0,0.31566986881520503,0.7317425885755604,true,Non-crew,Inspection (inspector),Clear,An inspector visits to assess or approve; no repair work by a crew.,10.0,false
CBS - Code Inquiry,PD - Calgary Building Services,2,1371,0,0,0,1371,0.0,0.8,2.0,0.14161760148744965,0.87336019006301,true,Non-crew,Inquiry / information,Clear,Question or information request answered by staff.,2.0,false
CBS - RIM - Property Research,PD - Calgary Building Services,2,970,0,0,0,970,15.0,18.8,35.0,0.10019626071686809,0.9735564507798781,true,Non-crew,Inquiry / information,Clear,Question or information request answered by staff.,30.0,false
CBS Concern - Electrical,PD - Calgary Building Services,2,132,0,0,0,132,1.0,8.6,39.9,0.013634955066625348,0.9871914058465034,false,Non-crew,Inspection (inspector),Clear,An inspector visits to assess or approve; no repair work by a crew.,30.0,false
CBS Inspection - Gas Fireplace Installation,PD - Calgary Building Services,2,54,0,0,0,54,4.0,4.0,7.0,0.005577936163619461,0.9927693420101229,false,Non-crew,Inspection (inspector),Clear,An inspector visits to assess or approve; no repair work by a crew.,7.0,false
CBS Concern - Plumbing and Gas,PD - Calgary Building Services,2,50,0,0,0,50,0.0,2.2,3.0,0.005164755707055056,0.997934097717178,false,Non-crew,Inspection (inspector),Clear,An inspector visits to assess or approve; no repair work by a crew.,3.0,false
CBS - RIM - Subscription Services,PD - Calgary Building Services,2,14,0,0,0,14,2.0,4.6,9.7,0.0014461315979754157,0.9993802293151535,false,Non-crew,Inquiry / information,Clear,Question or information request answered by staff.,9.7,false
CBS - RIM - Policy Document Requests,PD - Calgary Building Services,1,5,0,0,0,5,1.0,12.4,35.0,5.164755707055056E-4,0.999896704885859,false,Non-crew,Inquiry / information,Clear,Question or information request answered by staff.,30.0,false
CBS - Public Protection Site Safety Meeting,PD - Calgary Building Services,1,1,0,0,0,1,4.0,4.0,4.0,1.0329511414110113E-4,1.0000000000000002,false,Non-crew,Inquiry / information,Clear,Question or information request answered by staff.,4.0,false
CRP - Historical Hydrant Data or Flow Test,PDS - City and Regional Planning,1,97,97,19,0,78,14.5,13.9,22.0,0.42543859649122806,0.42543859649122806,true,Non-crew,Planning / new infrastructure / capital project,Clear,"Request for new infrastructure, a capital project or engineering review; handled by planners/engineers over weeks or months, not dispatched to a crew.",22.0,true
CRP - City and Regional Planning General Concerns,PDS - City and Regional Planning,1,61,0,0,0,61,6.0,11.2,28.0,0.2675438596491228,0.6929824561403508,true,Non-crew,Feedback / complaint / compliment,Clear,"Feedback, complaint or compliment answered by staff; no field work.",28.0,false
CRP - City and Regional Planning General Inquiries,PDS - City and Regional Planning,1,41,25,1,0,40,6.0,36.5,75.1,0.17982456140350878,0.8728070175438596,true,Non-crew,Planning / new infrastructure / capital project,Clear,"Request for new infrastructure, a capital project or engineering review; handled by planners/engineers over weeks or months, not dispatched to a crew.",30.0,true
CGS - Urban Initiatives General Inquiries,PDS - City and Regional Planning,2,17,0,0,0,17,10.0,16.1,45.0,0.07456140350877193,0.9473684210526315,true,Non-crew,Inquiry / information,Clear,Question or information request answered by staff.,30.0,false
CGS - Calgary Growth Strategies - General Concerns,PDS - City and Regional Planning,2,12,0,0,0,12,3.0,8.0,18.0,0.05263157894736842,1.0,true,Non-crew,Feedback / complaint / compliment,Clear,"Feedback, complaint or compliment answered by staff; no field work.",18.0,false
CE - Water Restrictions,PDS - Climate and Environment,1,909,65,0,0,909,2.0,13.0,12.2,0.6011904761904762,0.6011904761904762,true,Non-crew,Enforcement (officer),Clear,"Handled by a bylaw/animal/licensing officer who issues notices or fines, not a work crew.",12.2,true
CE - Environmental Inquiries,PDS - Climate and Environment,1,174,23,0,0,174,4.0,12.4,15.7,0.11507936507936507,0.7162698412698413,true,Non-crew,Inquiry / information,Clear,Question or information request answered by staff.,15.7,true
WATR - Water Restrictions,PDS - Climate and Environment,1,121,0,0,0,121,2.0,2.1,5.0,0.08002645502645503,0.7962962962962963,true,Non-crew,Enforcement (officer),Clear,"Handled by a bylaw/animal/licensing officer who issues notices or fines, not a work crew.",5.0,false
CE - Water Conservation Programs,PDS - Climate and Environment,1,120,24,0,0,120,3.0,7.0,11.0,0.07936507936507936,0.8756613756613756,true,Non-crew,Program / education / event / tour,Clear,"Program, event, tour or education request.",11.0,true
CE - Treatment Plant Tours,PDS - Climate and Environment,1,67,7,0,0,67,7.0,24.6,27.8,0.04431216931216931,0.9199735449735449,true,Non-crew,Program / education / event / tour,Clear,"Program, event, tour or education request.",27.8,true
CE - Watershed,PDS - Climate and Environment,1,37,6,0,0,37,2.0,8.9,16.0,0.02447089947089947,0.9444444444444443,true,Non-crew,Inquiry / information,Clear,Question or information request answered by staff.,16.0,true
ESM - Environmental Inquiries,PDS - Climate and Environment,2,25,0,0,0,25,11.0,17.5,24.0,0.016534391534391533,0.9609788359788358,true,Non-crew,Inquiry / information,Clear,Question or information request answered by staff.,24.0,false
CE  - Environmental Inquiries,PDS - Climate and Environment,1,18,0,0,0,18,3.0,5.1,11.4,0.011904761904761904,0.9728835978835977,false,Non-crew,Inquiry / information,Clear,Question or information request answered by staff.,11.4,false
CE - Riparian - Riverbank Inquiries,PDS - Climate and Environment,1,14,2,0,0,14,8.5,27.9,19.6,0.009259259259259259,0.982142857142857,false,Non-crew,Inquiry / information,Clear,Question or information request answered by staff.,19.6,true
WATR - Watershed,PDS - Climate and Environment,2,14,0,0,0,14,1.5,3.1,7.0,0.009259259259259259,0.9914021164021163,false,Non-crew,Planning / new infrastructure / capital project,Clear,"Request for new infrastructure, a capital project or engineering review; handled by planners/engineers over weeks or months, not dispatched to a crew.",7.0,false
WATR - Riparian - Riverbank Inquiries,PDS - Climate and Environment,2,7,0,0,0,7,19.0,17.3,24.0,0.004629629629629629,0.9960317460317459,false,Non-crew,Planning / new infrastructure / capital project,Clear,"Request for new infrastructure, a capital project or engineering review; handled by planners/engineers over weeks or months, not dispatched to a crew.",24.0,false
CE - Water Brochure,PDS - Climate and Environment,1,3,2,0,0,3,4.0,4.0,4.8,0.001984126984126984,0.9980158730158729,false,Non-crew,Inquiry / information,Clear,Question or information request answered by staff.,4.8,true
CE - Dashboard Feedback,PDS - Climate and Environment,1,2,0,0,0,2,36.0,36.0,48.8,0.0013227513227513227,0.9993386243386242,false,Non-crew,Feedback / complaint / compliment,Clear,"Feedback, complaint or compliment answered by staff; no field work.",30.0,false
WATR - Water Brochure,PDS - Climate and Environment,1,1,0,0,0,1,9.0,9.0,9.0,6.613756613756613E-4,0.9999999999999999,false,Non-crew,Planning / new infrastructure / capital project,Clear,"Request for new infrastructure, a capital project or engineering review; handled by planners/engineers over weeks or months, not dispatched to a crew.",9.0,false
CP - Indemnification Agreements,PDS - Community Planning,1,332,120,15,1,317,15.0,17.7,30.8,0.43342036553524804,0.43342036553524804,true,Non-crew,Planning / new infrastructure / capital project,Clear,"Request for new infrastructure, a capital project or engineering review; handled by planners/engineers over weeks or months, not dispatched to a crew.",30.0,true
CP - Community Planning - General Concerns,PDS - Community Planning,2,161,0,1,1,160,7.0,42.9,158.4,0.21018276762402088,0.6436031331592689,true,Non-crew,Feedback / complaint / compliment,Clear,"Feedback, complaint or compliment answered by staff; no field work.",30.0,false
CP - Water Development Inquiry,PDS - Community Planning,1,154,35,0,0,154,20.0,26.1,52.0,0.2010443864229765,0.8446475195822454,true,Non-crew,Planning / new infrastructure / capital project,Clear,"Request for new infrastructure, a capital project or engineering review; handled by planners/engineers over weeks or months, not dispatched to a crew.",30.0,true
CP - Community Planning - General Inquiries,PDS - Community Planning,1,99,47,2,0,97,9.0,12.7,27.0,0.12924281984334204,0.9738903394255874,true,Non-crew,Planning / new infrastructure / capital project,Clear,"Request for new infrastructure, a capital project or engineering review; handled by planners/engineers over weeks or months, not dispatched to a crew.",27.0,true
CP - Re-Use of Existing Site Services,PDS - Community Planning,1,11,1,1,0,10,24.0,31.1,64.9,0.014360313315926894,0.9882506527415144,false,Non-crew,Planning / new infrastructure / capital project,Clear,"Request for new infrastructure, a capital project or engineering review; handled by planners/engineers over weeks or months, not dispatched to a crew.",30.0,true
CP - Public Infrastructure Inquiry,PDS - Community Planning,1,9,3,0,0,9,14.0,30.3,81.4,0.01174934725848564,1.0,false,Non-crew,Inquiry / information,Clear,Question or information request answered by staff.,30.0,true
DBBS - RIM - Property Research,"PDS - Development, Business and Building Services",1,16747,2104,15,15,16732,40.0,53.7,74.0,0.13936786391931028,0.13936786391931028,true,Non-crew,Inquiry / information,Clear,Question or information request answered by staff.,30.0,true
CBS Inspection - Electrical,"PDS - Development, Business and Building Services",2,10483,0,0,0,10483,6.0,6.5,13.0,0.08723910655437568,0.22660697047368594,true,Non-crew,Inspection (inspector),Clear,An inspector visits to assess or approve; no repair work by a crew.,13.0,false
DBBS Inspection - Electrical,"PDS - Development, Business and Building Services",1,8419,0,0,0,8419,3.0,4.1,8.0,0.07006258113910989,0.29666955161279585,true,Non-crew,Inspection (inspector),Clear,An inspector visits to assess or approve; no repair work by a crew.,8.0,false
CBS Inspection - Commercial or Multi-Family,"PDS - Development, Business and Building Services",2,6382,0,0,0,6382,2.0,3.2,6.0,0.05311074864352052,0.34978030025631635,true,Non-crew,Inspection (inspector),Clear,An inspector visits to assess or approve; no repair work by a crew.,6.0,false
DBBS Inspection - Commercial or Multi-Family,"PDS - Development, Business and Building Services",1,6362,0,0,0,6362,3.0,4.0,7.0,0.0529443094437602,0.40272460970007656,true,Non-crew,Inspection (inspector),Clear,An inspector visits to assess or approve; no repair work by a crew.,7.0,false
DBBS Inspection - Residential Improvement Project - RIP,"PDS - Development, Business and Building Services",1,6188,0,0,0,6188,3.0,3.7,7.0,0.051496288405845345,0.4542208981059219,true,Non-crew,Inspection (inspector),Clear,An inspector visits to assess or approve; no repair work by a crew.,7.0,false
CBS Inspection - Residential Improvement Project - RIP,"PDS - Development, Business and Building Services",2,6067,0,0,0,6067,3.0,3.6,7.0,0.05048933124729536,0.5047102293532173,true,Non-crew,Inspection (inspector),Clear,An inspector visits to assess or approve; no repair work by a crew.,7.0,false
DBBS Concern - Building Without a Permit,"PDS - Development, Business and Building Services",1,3703,832,16,1,3679,2.0,22.6,41.0,0.030816217835624646,0.5355264471888419,true,Non-crew,Inspection (inspector),Clear,An inspector visits to assess or approve; no repair work by a crew.,30.0,true
DBBS Inspection - Gas,"PDS - Development, Business and Building Services",1,3699,0,0,0,3699,4.0,4.1,8.0,0.03078292999567258,0.5663093771845145,true,Non-crew,Inspection (inspector),Clear,An inspector visits to assess or approve; no repair work by a crew.,8.0,false
DBBS Inspection - Plumbing,"PDS - Development, Business and Building Services",1,3594,0,0,0,3594,3.0,3.8,7.0,0.029909124196930863,0.5962185013814453,true,Non-crew,Inspection (inspector),Clear,An inspector visits to assess or approve; no repair work by a crew.,7.0,false
DBBS - Infill Construction Concerns,"PDS - Development, Business and Building Services",1,3523,0,1,1,3522,0.0,4.4,3.0,0.029318265037781698,0.625536766419227,true,Non-crew,Inspection (inspector),Clear,An inspector visits to assess or approve; no repair work by a crew.,3.0,false
DBBS - Code Inquiry,"PDS - Development, Business and Building Services",1,3510,797,4,0,3506,0.0,7.3,3.0,0.029210079557937484,0.6547468459771645,true,Non-crew,Inquiry / information,Clear,Question or information request answered by staff.,3.0,true
DBBS Inspection - Furnace Replacement,"PDS - Development, Business and Building Services",1,3491,0,0,0,3491,6.0,6.1,10.0,0.029051962318165175,0.6837988082953297,true,Non-crew,Inspection (inspector),Clear,An inspector visits to assess or approve; no repair work by a crew.,10.0,false
CBS Inspection - Plumbing,"PDS - Development, Business and Building Services",2,3328,0,0,0,3328,3.0,3.7,7.0,0.027695482840118503,0.7114942911354482,true,Non-crew,Inspection (inspector),Clear,An inspector visits to assess or approve; no repair work by a crew.,7.0,false
DBBS - Planning and Development - After Hours SR,"PDS - Development, Business and Building Services",1,3132,741,7,0,3125,4.0,8.8,12.0,0.026064378682467294,0.7375586698179154,true,Non-crew,Planning / new infrastructure / capital project,Clear,"Request for new infrastructure, a capital project or engineering review; handled by planners/engineers over weeks or months, not dispatched to a crew.",12.0,true
DBBS Inspection - SCP - New Home,"PDS - Development, Business and Building Services",1,3117,0,0,0,3117,3.0,3.7,8.0,0.025939549282647047,0.7634982191005625,true,Non-crew,Inspection (inspector),Clear,An inspector visits to assess or approve; no repair work by a crew.,8.0,false
DBBS Inspection - Heating and Ventilation,"PDS - Development, Business and Building Services",1,3112,0,0,0,3112,4.0,4.4,8.0,0.025897939482706966,0.7893961585832694,true,Non-crew,Inspection (inspector),Clear,An inspector visits to assess or approve; no repair work by a crew.,8.0,false
CBS Inspection - Cancellation or Reschedule,"PDS - Development, Business and Building Services",2,3003,0,0,0,3003,0.0,0.4,1.0,0.024990845844013183,0.8143870044272826,true,Non-crew,Inspection (inspector),Clear,An inspector visits to assess or approve; no repair work by a crew.,1.0,false
DBBS - Building Construction Concerns and Inquiries,"PDS - Development, Business and Building Services",1,2966,763,6,0,2960,1.0,6.6,7.0,0.024682933324456577,0.8390699377517392,true,Non-crew,Inspection (inspector),Clear,An inspector visits to assess or approve; no repair work by a crew.,7.0,true
CBS Inspection - Gas,"PDS - Development, Business and Building Services",2,2864,0,0,0,2864,3.0,3.9,7.0,0.023834093405678904,0.8629040311574181,true,Non-crew,Inspection (inspector),Clear,An inspector visits to assess or approve; no repair work by a crew.,7.0,false
DBBS Inspection - Cancellation or Reschedule,"PDS - Development, Business and Building Services",1,2833,0,0,0,2833,0.0,0.4,1.0,0.023576112646050397,0.8864801438034685,true,Non-crew,Inspection (inspector),Clear,An inspector visits to assess or approve; no repair work by a crew.,1.0,false
CBS Inspection - Heating and Ventilation,"PDS - Development, Business and Building Services",2,2517,0,0,0,2517,2.0,3.5,9.0,0.02094637328983722,0.9074265170933057,true,Non-crew,Inspection (inspector),Clear,An inspector visits to assess or approve; no repair work by a crew.,9.0,false
DBBS - PRC - Property Research,"PDS - Development, Business and Building Services",1,2394,2365,781,94,1613,40.0,41.7,57.0,0.019922772211311206,0.9273492893046169,true,Non-crew,Inquiry / information,Clear,Question or information request answered by staff.,30.0,true
DBBS - Urgent Safety Response,"PDS - Development, Business and Building Services",1,1536,170,0,0,1536,1.0,7.1,7.0,0.012782530541593156,0.9401318198462101,true,Non-crew,Inspection (inspector),Borderline,A building inspector responds to an unsafe site; no City repair crew.,7.0,true
DBBS - SDI - New Subdivision Parks Inspection,"PDS - Development, Business and Building Services",1,1209,544,74,26,1135,7.0,15.8,39.2,0.0100612496255118,0.9501930694717219,true,Non-crew,Inspection (inspector),Clear,An inspector visits to assess or approve; no repair work by a crew.,30.0,true
CBS - Infill Construction Concerns,"PDS - Development, Business and Building Services",2,805,0,0,0,805,0.0,3.1,6.0,0.006699177790353184,0.9568922472620751,false,Non-crew,Inspection (inspector),Clear,An inspector visits to assess or approve; no repair work by a crew.,6.0,false
CBS Concern - Building Without a Permit,"PDS - Development, Business and Building Services",2,641,0,0,0,641,2.0,8.7,35.0,0.005334376352318498,0.9622266236143936,false,Non-crew,Inspection (inspector),Clear,An inspector visits to assess or approve; no repair work by a crew.,30.0,false
DBBS Concern - Electrical,"PDS - Development, Business and Building Services",1,622,200,8,0,614,1.0,9.7,16.0,0.005176259112546187,0.9674028827269398,false,Non-crew,Inspection (inspector),Clear,An inspector visits to assess or approve; no repair work by a crew.,16.0,true
DBBS - Unsafe Derelict or Grow Op Property,"PDS - Development, Business and Building Services",1,613,0,0,0,613,1.0,6.1,6.0,0.00510136147265404,0.9725042441995938,false,Non-crew,Inspection (inspector),Clear,An inspector visits to assess or approve; no repair work by a crew.,6.0,false
CBS - Planning and Development - After Hours SR,"PDS - Development, Business and Building Services",2,591,0,0,0,591,2.0,3.0,6.0,0.004918278352917679,0.9774225225525115,false,Non-crew,Planning / new infrastructure / capital project,Clear,"Request for new infrastructure, a capital project or engineering review; handled by planners/engineers over weeks or months, not dispatched to a crew.",6.0,false
DBBS - Safety Response,"PDS - Development, Business and Building Services",1,460,457,1,0,459,1.0,5.4,4.0,0.003828101594487534,0.981250624146999,false,Non-crew,Inspection (inspector),Borderline,A building inspector responds to an unsafe site; no City repair crew.,4.0,true
DBBS Concern - Heating and Ventilation,"PDS - Development, Business and Building Services",1,378,93,3,2,375,1.0,14.0,44.2,0.0031457008754701907,0.9843963250224692,false,Non-crew,Inspection (inspector),Clear,An inspector visits to assess or approve; no repair work by a crew.,30.0,true
CBS - Urgent Safety Response,"PDS - Development, Business and Building Services",2,338,0,0,0,338,0.0,4.8,9.6,0.002812822475949536,0.9872091474984187,false,Non-crew,Inspection (inspector),Borderline,A building inspector responds to an unsafe site; no City repair crew.,9.6,false
DBBS - SDI - New Subdivision Surface Inspection,"PDS - Development, Business and Building Services",1,265,108,2,0,263,7.0,18.8,35.6,0.00220531939682434,0.989414466895243,false,Non-crew,Inspection (inspector),Clear,An inspector visits to assess or approve; no repair work by a crew.,30.0,true
DBBS - Unsafe Derelict or Unsecure Property,"PDS - Development, Business and Building Services",1,227,226,0,0,227,0.0,2.6,2.0,0.0018890849172797178,0.9913035518125227,false,Non-crew,Inspection (inspector),Clear,An inspector visits to assess or approve; no repair work by a crew.,2.0,true
DBBS Concern - Plumbing and Gas,"PDS - Development, Business and Building Services",1,197,37,1,0,196,0.0,2.6,3.0,0.0016394261176392263,0.992942977930162,false,Non-crew,Inspection (inspector),Clear,An inspector visits to assess or approve; no repair work by a crew.,3.0,true
DBBS - SDI - Utility Inspection,"PDS - Development, Business and Building Services",1,196,59,2,1,194,2.0,12.1,18.0,0.00163110415765121,0.9945740820878132,false,Non-crew,Inspection (inspector),Clear,An inspector visits to assess or approve; no repair work by a crew.,18.0,true
CBS - Building Construction Concerns and Inquiries,"PDS - Development, Business and Building Services",1,134,0,0,0,134,2.0,6.1,13.7,0.0011151426383941947,0.9956892247262074,false,Non-crew,Inspection (inspector),Clear,An inspector visits to assess or approve; no repair work by a crew.,13.7,false
CBS - Unsafe Derelict or Grow Op Property,"PDS - Development, Business and Building Services",2,126,0,0,0,126,1.0,7.7,13.5,0.0010485669584900635,0.9967377916846974,false,Non-crew,Inspection (inspector),Clear,An inspector visits to assess or approve; no repair work by a crew.,13.5,false
DBBS - SDI - Surface Indemnification Inspection,"PDS - Development, Business and Building Services",1,111,27,4,1,107,5.0,19.4,41.0,9.237375586698179E-4,0.9976615292433673,false,Non-crew,Inspection (inspector),Clear,An inspector visits to assess or approve; no repair work by a crew.,30.0,true
CBS Concern - Heating & Ventilation,"PDS - Development, Business and Building Services",2,59,0,0,0,59,2.0,7.4,19.0,4.909956392929663E-4,0.9981525248826603,false,Non-crew,Inspection (inspector),Clear,An inspector visits to assess or approve; no repair work by a crew.,19.0,false
DBBS Inspection - Gas Fireplace Installation,"PDS - Development, Business and Building Services",1,54,0,0,0,54,4.0,4.3,7.0,4.493858393528844E-4,0.9986019107220131,false,Non-crew,Inspection (inspector),Clear,An inspector visits to assess or approve; no repair work by a crew.,7.0,false
DBBS - SDI - Surface Improvements Inspections,"PDS - Development, Business and Building Services",1,48,0,0,0,48,2.5,4.7,10.0,3.994540794247861E-4,0.9990013648014379,false,Non-crew,Inspection (inspector),Clear,An inspector visits to assess or approve; no repair work by a crew.,10.0,false
DBBS - SDI - New Subdivisions Inspections,"PDS - Development, Business and Building Services",1,35,0,0,0,35,4.0,6.6,13.0,2.912685995805732E-4,0.9992926334010185,false,Non-crew,Inspection (inspector),Clear,An inspector visits to assess or approve; no repair work by a crew.,13.0,false
DBBS - Unsafe Derelict or Insecure Property,"PDS - Development, Business and Building Services",1,25,23,0,0,25,0.0,0.5,1.0,2.0804899970040943E-4,0.9995006824007189,false,Non-crew,Inspection (inspector),Clear,An inspector visits to assess or approve; no repair work by a crew.,1.0,true
DBBS - Public Protection Site Safety Meeting,"PDS - Development, Business and Building Services",1,16,0,0,0,16,161.0,145.8,286.0,1.3315135980826204E-4,0.9996338337605272,false,Non-crew,Inquiry / information,Clear,Question or information request answered by staff.,30.0,false
DBBS - SDI - Surface Improvements Inspection,"PDS - Development, Business and Building Services",1,12,0,0,0,12,3.5,3.0,5.0,9.986351985619653E-5,0.9997336972803834,false,Non-crew,Inspection (inspector),Clear,An inspector visits to assess or approve; no repair work by a crew.,5.0,false
DBBS - RIM - Subscription Services,"PDS - Development, Business and Building Services",1,10,0,0,0,10,9.5,22.9,70.7,8.321959988016378E-5,0.9998169168802635,false,Non-crew,Inquiry / information,Clear,Question or information request answered by staff.,30.0,false
DBBS - Emergency Electrical Reconnection,"PDS - Development, Business and Building Services",1,9,3,2,2,7,3.0,51.1,165.6,7.489763989214739E-5,0.9998918145201556,false,Non-crew,Inquiry / information,Clear,Question or information request answered by staff.,30.0,true
DBBS - RIM - Policy Document Requests,"PDS - Development, Business and Building Services",1,7,0,0,0,7,3.0,8.4,20.0,5.825371991611464E-5,0.9999500682400717,false,Non-crew,Inquiry / information,Clear,Question or information request answered by staff.,20.0,false
CBS Concern - Special Event Tent,"PDS - Development, Business and Building Services",1,3,0,0,0,3,5.0,10.3,20.2,2.4965879964049133E-5,0.9999750341200357,false,Non-crew,Inspection (inspector),Clear,An inspector visits to assess or approve; no repair work by a crew.,20.2,false
DBBS - SDI - New Subdivision Inspection,"PDS - Development, Business and Building Services",1,3,0,0,0,3,6.0,22.3,46.0,2.4965879964049133E-5,0.9999999999999998,false,Non-crew,Inspection (inspector),Clear,An inspector visits to assess or approve; no repair work by a crew.,30.0,false
Downtown Strategy - General Inquiries,PDS - Downtown Strategy,2,12,12,1,0,11,6.0,19.7,54.0,1.0,1.0,true,Non-crew,Inquiry / information,Clear,Question or information request answered by staff.,30.0,true
ERR - Watering Schedule,PDS - Environmental Risk & Resilience,1,154,154,4,3,150,12.5,21.1,47.2,0.5811320754716981,0.5811320754716981,true,Non-crew,Enforcement (officer),Clear,"Handled by a bylaw/animal/licensing officer who issues notices or fines, not a work crew.",30.0,true
ERR - Water Conservation Programs,PDS - Environmental Risk & Resilience,1,51,51,1,0,50,6.5,10.0,21.0,0.19245283018867926,0.7735849056603774,true,Non-crew,Program / education / event / tour,Clear,"Program, event, tour or education request.",21.0,true
ERR - Environmental Inquiries,PDS - Environmental Risk & Resilience,1,26,26,1,1,25,3.0,7.9,12.0,0.09811320754716982,0.8716981132075472,true,Non-crew,Inquiry / information,Clear,Question or information request answered by staff.,12.0,true
ERR - Riparian - Riverbank Inquiries,PDS - Environmental Risk & Resilience,1,11,11,1,0,10,5.5,10.1,22.0,0.04150943396226415,0.9132075471698113,true,Non-crew,Inquiry / information,Clear,Question or information request answered by staff.,22.0,true
ERR - Watershed,PDS - Environmental Risk & Resilience,1,11,11,1,0,10,2.5,4.5,10.9,0.04150943396226415,0.9547169811320755,true,Non-crew,Inquiry / information,Clear,Question or information request answered by staff.,10.9,true
ERR - Treatment Plant Tours,PDS - Environmental Risk & Resilience,1,5,5,0,0,5,5.0,16.2,40.4,0.018867924528301886,0.9735849056603774,false,Non-crew,Program / education / event / tour,Clear,"Program, event, tour or education request.",30.0,true
ERR - Water Restrictions,PDS - Environmental Risk & Resilience,1,5,5,0,0,5,3.0,5.8,12.2,0.018867924528301886,0.9924528301886792,false,Non-crew,Enforcement (officer),Clear,"Handled by a bylaw/animal/licensing officer who issues notices or fines, not a work crew.",12.2,true
ERR - Water Brochure,PDS - Environmental Risk & Resilience,1,2,2,0,0,2,6.5,6.5,7.7,0.007547169811320755,1.0,false,Non-crew,Inquiry / information,Clear,Question or information request answered by staff.,7.7,true
Corporate Research Inquiry,PICS - 311 and Insights,1,17,12,2,2,15,3.0,3.3,5.6,1.0,1.0,true,Non-crew,Inquiry / information,Clear,Question or information request answered by staff.,5.6,true
CAI - City Online - Concern,"PICS - Collaboration, Analytics and Innovation",2,750,35,2,2,748,1.0,1.6,3.0,0.6762849413886384,0.6762849413886384,true,Non-crew,Inquiry / information,Clear,Question or information request answered by staff.,3.0,true
CAI - GIS Mapping and Analysis Inquiry,"PICS - Collaboration, Analytics and Innovation",2,77,9,0,0,77,6.0,17.6,59.2,0.06943192064923355,0.7457168620378719,true,Non-crew,Inquiry / information,Clear,Question or information request answered by staff.,30.0,true
CAI - Addressing Inquiry,"PICS - Collaboration, Analytics and Innovation",1,72,58,0,0,72,4.0,7.1,14.9,0.06492335437330929,0.8106402164111812,true,Non-crew,Inquiry / information,Clear,Question or information request answered by staff.,14.9,true
CAI - City Online - Feedback Form Only,"PICS - Collaboration, Analytics and Innovation",2,52,2,0,0,52,0.0,2.8,0.0,0.046889089269612265,0.8575293056807934,true,Non-crew,Feedback / complaint / compliment,Clear,"Feedback, complaint or compliment answered by staff; no field work.",1.0,true
CAI - Open Data Catalogue Inquiry,"PICS - Collaboration, Analytics and Innovation",2,46,0,0,0,46,3.0,11.0,27.5,0.04147880973850315,0.8990081154192966,true,Non-crew,Inquiry / information,Clear,Question or information request answered by staff.,27.5,false
CAI - Utility Placement Inquiry,"PICS - Collaboration, Analytics and Innovation",2,41,0,0,0,41,20.0,43.7,136.0,0.0369702434625789,0.9359783588818755,true,Non-crew,Planning / new infrastructure / capital project,Clear,"Request for new infrastructure, a capital project or engineering review; handled by planners/engineers over weeks or months, not dispatched to a crew.",30.0,false
CAI - Electronic Data Request,"PICS - Collaboration, Analytics and Innovation",1,34,2,0,0,34,2.5,7.2,7.7,0.030658250676284943,0.9666366095581604,true,Non-crew,Inquiry / information,Clear,Question or information request answered by staff.,7.7,true
CAI - Block Profile Inquiry,"PICS - Collaboration, Analytics and Innovation",2,19,2,0,0,19,4.0,17.5,66.2,0.017132551848512173,0.9837691614066726,false,Non-crew,Inquiry / information,Clear,Question or information request answered by staff.,30.0,true
CAI - Cadastral Mapping Service Inquiry,"PICS - Collaboration, Analytics and Innovation",2,6,0,0,0,6,1.0,15.8,46.5,0.005410279531109108,0.9891794409377817,false,Non-crew,Inquiry / information,Clear,Question or information request answered by staff.,30.0,false
CAI - 5G Wireless Infrastructure Deployment Inquiry,"PICS - Collaboration, Analytics and Innovation",2,5,0,0,0,5,12.0,12.6,21.2,0.004508566275924256,0.9936880072137059,false,Non-crew,Planning / new infrastructure / capital project,Clear,"Request for new infrastructure, a capital project or engineering review; handled by planners/engineers over weeks or months, not dispatched to a crew.",21.2,false
CAI - Commercial Electronic Data License Request,"PICS - Collaboration, Analytics and Innovation",2,5,0,0,0,5,4.0,3.4,6.4,0.004508566275924256,0.9981965734896301,false,Non-crew,Booking / application / permit / registration,Clear,"Admin: an application, booking, permit, licence or registration.",6.4,false
CAI - Educational Electronic Data License Request,"PICS - Collaboration, Analytics and Innovation",2,2,0,0,0,2,1.0,1.0,1.0,0.0018034265103697023,0.9999999999999998,false,Non-crew,Booking / application / permit / registration,Clear,"Admin: an application, booking, permit, licence or registration.",1.0,false
311 Contact Us,PICS - Customer Service and Communications,2,26020,0,12549,12549,13470,2.0,5.1,16.0,0.8528630895801239,0.8528630895801239,true,Non-crew,Inquiry / information,Clear,Question or information request answered by staff.,16.0,false
Customer Service & Communications - General Concerns,PICS - Customer Service and Communications,2,2425,0,7,7,2418,0.0,1.6,3.0,0.07948474220721755,0.9323478317873415,true,Non-crew,Feedback / complaint / compliment,Clear,"Feedback, complaint or compliment answered by staff; no field work.",3.0,false
CSC - Calgary.ca Feedback and Issue Report,PICS - Customer Service and Communications,2,1820,90,0,0,1820,2.0,9.4,23.0,0.05965452817201482,0.9920023599593563,true,Non-crew,Feedback / complaint / compliment,Clear,"Feedback, complaint or compliment answered by staff; no field work.",23.0,true
Customer Service and Communications - General Concerns,PICS - Customer Service and Communications,1,104,0,3,3,101,0.0,4.0,7.0,0.0034088301812579894,0.9954111901406143,false,Non-crew,Feedback / complaint / compliment,Clear,"Feedback, complaint or compliment answered by staff; no field work.",7.0,false
CSC - Corporate Research Inquiry,PICS - Customer Service and Communications,2,75,5,2,2,73,4.0,50.6,244.8,0.0024582909960995116,0.9978694811367138,false,Non-crew,Inquiry / information,Clear,Question or information request answered by staff.,30.0,true
CSC - Communications and Marketing Initiatives,PICS - Customer Service and Communications,2,64,0,27,27,37,7.0,49.5,182.2,0.0020977416500049164,0.9999672227867187,false,Non-crew,Inquiry / information,Clear,Question or information request answered by staff.,30.0,false
311 Ambassador Program,PICS - Customer Service and Communications,1,1,0,1,1,0,,,,3.277721328132682E-5,1.0,false,Non-crew,Program / education / event / tour,Clear,"Program, event, tour or education request.",30.0,false
HR - Recruitment and Program Inquiry,PICS - Human Resources,2,4611,1083,46,34,4565,0.0,1.5,4.0,1.0,1.0,true,Non-crew,Program / education / event / tour,Clear,"Program, event, tour or education request.",4.0,true
IT - City Online - Concern,PICS - Information Technology,1,124,123,2,0,122,1.0,2.1,3.0,0.656084656084656,0.656084656084656,true,Non-crew,Inquiry / information,Clear,Question or information request answered by staff.,3.0,true
IT - Public WiFi - Shaw Go WiFi at City Facilities,PICS - Information Technology,1,25,7,0,0,25,0.0,0.0,0.0,0.13227513227513227,0.7883597883597884,true,Non-crew,Inquiry / information,Clear,Question or information request answered by staff.,1.0,true
IT - GIS Mapping and Analysis Inquiry,PICS - Information Technology,1,22,12,0,0,22,4.0,11.2,7.0,0.1164021164021164,0.9047619047619048,true,Non-crew,Inquiry / information,Clear,Question or information request answered by staff.,7.0,true
IT - City Fibre Request,PICS - Information Technology,2,11,2,4,4,7,6.0,8.1,15.4,0.0582010582010582,0.962962962962963,true,Non-crew,Inquiry / information,Clear,Question or information request answered by staff.,15.4,true
IT - Block Profile Inquiry,PICS - Information Technology,1,4,2,0,0,4,1.0,1.0,1.7,0.021164021164021163,0.9841269841269842,false,Non-crew,Inquiry / information,Clear,Question or information request answered by staff.,1.7,true
IT - Electronic Data Request,PICS - Information Technology,1,3,2,1,0,2,10.0,10.0,14.0,0.015873015873015872,1.0,false,Non-crew,Inquiry / information,Clear,Question or information request answered by staff.,14.0,true
MC - calgary.ca Feedback,PICS - Marketing and Communication,1,210,204,11,0,199,3.0,8.4,18.6,0.8502024291497976,0.8502024291497976,true,Non-crew,Feedback / complaint / compliment,Clear,"Feedback, complaint or compliment answered by staff; no field work.",18.6,true
MC - Calgary.ca Feedback and Issue Report,PICS - Marketing and Communication,1,37,37,0,0,37,3.0,4.6,11.4,0.14979757085020243,1.0,true,Non-crew,Feedback / complaint / compliment,Clear,"Feedback, complaint or compliment answered by staff; no field work.",11.4,true
Partnerships - Neighbourhood Services Programs,Partnerships,2,2,0,0,0,2,2.5,2.5,4.5,1.0,1.0,true,Non-crew,Program / education / event / tour,Clear,"Program, event, tour or education request.",4.5,false
Recreation - Food Truck Parking Stall Application,Recreation and Social Programs,1,1,0,0,0,1,0.0,0.0,0.0,1.0,1.0,true,Non-crew,Booking / application / permit / registration,Clear,"Admin: an application, booking, permit, licence or registration.",1.0,false
Green Line Inquiry,TRAN - Green Line,2,414,85,2,2,412,4.0,8.0,14.0,1.0,1.0,true,Non-crew,Inquiry / information,Clear,Question or information request answered by staff.,14.0,true
Roads Permits - Requests and Inquiries,TRAN - Roads,2,545,0,0,0,545,2.0,4.1,10.0,0.8919803600654664,0.8919803600654664,true,Non-crew,Booking / application / permit / registration,Clear,"Admin: an application, booking, permit, licence or registration.",10.0,false
Roads - Speed Education,TRAN - Roads,2,66,0,0,0,66,19.0,21.0,34.5,0.10801963993453355,1.0,true,Non-crew,Planning / new infrastructure / capital project,Clear,"Request for new infrastructure, a capital project or engineering review; handled by planners/engineers over weeks or months, not dispatched to a crew.",30.0,false
TP - Community Traffic - Cycling - Pedestrian Inquiries,TRAN - Transportation Planning,2,275,0,0,0,275,5.0,8.2,21.0,1.0,1.0,true,Non-crew,Planning / new infrastructure / capital project,Clear,"Request for new infrastructure, a capital project or engineering review; handled by planners/engineers over weeks or months, not dispatched to a crew.",21.0,false
ESM - Employee Complaint - Compliment,UEP - Environmental and Safety Management,1,1,0,0,0,1,0.0,0.0,0.0,1.0,1.0,true,Non-crew,Feedback / complaint / compliment,Clear,"Feedback, complaint or compliment answered by staff; no field work.",1.0,false
WRS - Chatbot Feedback,UEP - Waste and Recycling Services,1,1,0,0,0,1,0.0,0.0,0.0,1.0,1.0,true,Non-crew,Feedback / complaint / compliment,Clear,"Feedback, complaint or compliment answered by staff; no field work.",1.0,false
WATR - Erosion and Sediment Control,UEP - Water Resources,2,154,0,0,0,154,0.0,8.2,29.7,0.48427672955974843,0.48427672955974843,true,Non-crew,Enforcement (officer),Clear,"Handled by a bylaw/animal/licensing officer who issues notices or fines, not a work crew.",29.7,false
WATR - Water Billing Concerns,UEP - Water Resources,2,68,0,0,0,68,1.0,1.9,4.0,0.2138364779874214,0.6981132075471699,true,Non-crew,Billing / tax / accounts / claims,Clear,"Desk work: tax, billing, accounts or claims.",4.0,false
WATR - Industrial Monitoring Inquiry,UEP - Water Resources,2,43,0,0,0,43,2.0,4.7,10.8,0.13522012578616352,0.8333333333333334,true,Non-crew,Planning / new infrastructure / capital project,Clear,"Request for new infrastructure, a capital project or engineering review; handled by planners/engineers over weeks or months, not dispatched to a crew.",10.8,false
WATR - Water Reporting and Information,UEP - Water Resources,2,30,0,0,0,30,1.0,22.6,4.4,0.09433962264150944,0.9276729559748428,true,Non-crew,Planning / new infrastructure / capital project,Clear,"Request for new infrastructure, a capital project or engineering review; handled by planners/engineers over weeks or months, not dispatched to a crew.",4.4,false
WATR - Water Conservation Programs,UEP - Water Resources,2,13,0,0,0,13,13.0,13.2,19.0,0.040880503144654086,0.9685534591194969,true,Non-crew,Planning / new infrastructure / capital project,Clear,"Request for new infrastructure, a capital project or engineering review; handled by planners/engineers over weeks or months, not dispatched to a crew.",19.0,false
WATR - Treatment Plant Tours,UEP - Water Resources,2,10,0,0,0,10,9.5,9.2,12.2,0.031446540880503145,1.0,false,Non-crew,Planning / new infrastructure / capital project,Clear,"Request for new infrastructure, a capital project or engineering review; handled by planners/engineers over weeks or months, not dispatched to a crew.",12.2,false
WATS - Air Gap Vehicle Inspection - ONLINE,UEP - Water Services,2,102,0,0,0,102,1.0,3.3,13.0,1.0,1.0,true,Non-crew,Inspection (inspector),Clear,An inspector visits to assess or approve; no repair work by a crew.,13.0,false
